MEDIA_ID,MEDIA_NAME,CNT,TIME(2022/10/04 14:59:29.821),TIMETICK(f=10000000),FPOGX,FPOGY,FPOGS,FPOGD,FPOGID,FPOGV,BPOGX,BPOGY,BPOGV,CX,CY,CS,USER,LPCX,LPCY,LPD,LPS,LPV,RPCX,RPCY,RPD,RPS,RPV,BKID,BKDUR,BKPMIN,LPMM,LPMMV,RPMM,RPMMV,DIAL,DIALV,GSR,GSRV,HR,HRV,HRP,TTL0,TTL1,TTLV,PIXS,PIXV,AOI,SACCADE_MAG,SACCADE_DIR,VID_FRAME,
0,Drive View,0,0.00000,790758531161,0.33692,0.10063,0.00000,0.00000,1,0,0.67384,0.20126,1,0.61172,0.08887,0,,0.75671,0.40116,19.45998,1.75640,1,0.75539,0.38191,29.60996,1.75640,0,0,0.14788,18,5.10512,1,12.86588,0,0.00000,0,0,0,0,0,0,1,1,0,0.00000,0,,0.00000,0.00000,0,
0,Drive View,1,0.01631,790758694234,0.67116,-0.10156,0.00000,0.00000,1,0,0.66847,-0.40438,1,0.61172,0.08887,3,,0.39544,0.44744,19.25111,1.72734,1,0.75723,0.40152,19.12338,1.69786,1,0,0.00000,18,4.74422,1,5.14908,1,0.00000,0,0,0,0,0,0,1,1,0,0.00000,0,,0.00000,0.00000,0,
0,Drive View,2,0.03379,790758869026,0.63596,0.10608,0.00000,0.00000,1,0,0.60076,0.31372,1,0.61172,0.08887,0,,0.39605,0.44798,18.97995,1.66880,1,0.75797,0.40168,18.61629,1.63931,1,0,0.00000,18,4.56221,1,5.13708,1,0.00000,0,0,0,0,0,0,1,1,0,0.00000,0,,0.00000,0.00000,0,
0,Drive View,3,0.04903,790759021397,0.59535,0.24607,0.00000,0.00000,1,0,0.51412,0.52606,1,0.61172,0.08887,0,,0.39640,0.44839,19.60803,1.61025,1,0.75831,0.40141,18.97663,1.58076,1,0,0.00000,18,4.63380,1,5.05657,1,0.00000,0,0,0,0,0,0,1,1,0,0.00000,0,,0.00000,0.00000,0,
0,Drive View,4,0.06581,790759189184,0.54179,0.46997,0.00000,0.00000,1,0,0.51050,0.57013,1,0.61172,0.08887,0,,0.39691,0.44848,19.07062,1.55170,1,0.75901,0.40256,19.35573,1.52222,1,0,0.00000,18,4.62860,1,5.11589,1,0.00000,0,0,0,0,0,0,1,1,0,0.00000,0,,0.00000,0.00000,0,
0,Drive View,5,0.08203,790759351484,0.54192,0.49330,0.00000,0.00000,1,0,0.54205,0.51663,1,0.61172,0.08887,0,,0.39738,0.44935,18.92296,1.52222,1,0.75891,0.40310,20.10166,1.52222,1,0,0.00000,18,4.62196,1,5.08146,1,0.00000,0,0,0,0,0,0,1,1,0,0.00000,0,,0.00000,0.00000,0,
0,Drive View,6,0.09849,790759516057,0.55880,0.45040,0.00000,0.00000,1,0,0.59258,0.36460,1,0.61172,0.08887,0,,0.39757,0.44924,19.30759,1.52222,1,0.75891,0.40327,19.47930,1.52222,1,0,0.00000,18,4.55646,1,5.05980,1,0.00000,0,0,0,0,0,0,1,1,0,0.00000,0,,0.00000,0.00000,0,
0,Drive View,7,0.11518,790759682951,0.56688,0.43225,0.06581,0.04938,2,1,0.59110,0.37780,1,0.61172,0.08887,0,,0.39756,0.44951,19.38645,1.51041,1,0.75964,0.40341,19.14208,1.49843,1,0,0.00000,18,4.58394,1,5.16140,1,0.00000,0,0,0,0,0,0,1,1,0,0.00000,0,,0.00000,0.00000,0,
0,Drive View,8,0.13121,790759843172,0.55929,0.45460,0.06581,0.06540,2,1,0.52894,0.54401,1,0.61172,0.08887,0,,0.39787,0.45033,19.42061,1.48663,1,0.75974,0.40347,19.34465,1.47465,1,0,0.00000,18,4.61288,1,5.16127,1,0.00000,0,0,0,0,0,0,1,1,0,0.00000,0,,0.00000,0.00000,0,
0,Drive View,9,0.14752,790760006393,0.56621,0.44696,0.06581,0.08172,2,1,0.60082,0.40877,1,0.61172,0.08887,0,,0.39793,0.45008,19.51666,1.46284,1,0.75954,0.40361,19.15493,1.45086,1,0,0.00000,18,4.62583,1,5.27152,1,0.00000,0,0,0,0,0,0,1,1,0,0.00000,0,,0.00000,0.00000,0,
0,Drive View,10,0.16413,790760172457,0.57105,0.44206,0.06581,0.09833,2,1,0.60005,0.41262,1,0.61172,0.08887,0,,0.39771,0.44984,19.56762,1.45086,1,0.75955,0.40341,19.34789,1.45086,1,0,0.00000,18,4.58207,1,5.22582,1,0.00000,0,0,0,0,0,0,1,1,0,0.00000,0,,0.00000,0.00000,0,
0,Drive View,11,0.18055,790760336633,0.56928,0.45368,0.06581,0.11474,2,1,0.55696,0.53501,1,0.61172,0.08887,0,,0.39748,0.44999,18.94827,1.46267,1,0.75950,0.40311,19.44781,1.47465,1,0,0.00000,18,4.59218,1,5.28640,1,0.00000,0,0,0,0,0,0,1,1,0,0.00000,0,,0.00000,0.00000,0,
0,Drive View,12,0.19699,790760501084,0.56631,0.45688,0.06581,0.13119,2,1,0.54255,0.48247,1,0.61172,0.08887,0,,0.39748,0.44968,19.34902,1.48645,1,0.75935,0.40252,19.41227,1.49843,1,0,0.00000,18,4.64781,1,5.18620,1,0.00000,0,0,0,0,0,0,1,1,0,0.00000,0,,0.00000,0.00000,0,
0,Drive View,13,0.21762,790760707370,0.56434,0.45529,0.06581,0.15182,2,1,0.54657,0.44105,1,0.61172,0.08887,0,,0.39750,0.44944,19.46446,1.52373,1,0.75908,0.40135,18.96341,1.54940,1,0,0.00000,18,4.69709,1,5.24897,1,0.00000,0,0,0,0,0,0,1,1,0,0.00000,0,,0.00000,0.00000,0,
0,Drive View,14,0.22983,790760829460,0.56297,0.45619,0.06581,0.16403,2,1,0.54930,0.46514,1,0.61172,0.08887,0,,0.39686,0.44864,18.63321,1.56289,1,0.75849,0.40037,18.91505,1.57658,1,0,0.00000,18,4.67495,1,5.27414,1,0.00000,0,0,0,0,0,0,1,1,0,0.00000,0,,0.00000,0.00000,0,
0,Drive View,15,0.24620,790760993145,0.56172,0.45235,0.06581,0.18040,2,1,0.54795,0.41014,1,0.61172,0.08887,0,,0.39693,0.44843,18.68891,1.59007,1,0.75837,0.40036,18.92667,1.60376,1,0,0.00000,18,4.70171,1,5.33915,1,0.00000,0,0,0,0,0,0,1,1,0,0.00000,0,,0.00000,0.00000,0,
0,Drive View,16,0.26266,790761157703,0.56052,0.45057,0.06581,0.19685,2,1,0.54614,0.42924,1,0.61172,0.08887,0,,0.39661,0.44813,18.87960,1.59196,1,0.75828,0.39955,19.02620,1.57998,1,0,0.00000,18,4.61944,1,5.29303,1,0.00000,0,0,0,0,0,0,1,1,0,0.00000,0,,0.00000,0.00000,0,
0,Drive View,17,0.27903,790761321424,0.56115,0.45565,0.06581,0.21322,2,1,0.56930,0.52168,1,0.61172,0.08887,0,,0.39588,0.44805,18.80410,1.55468,1,0.75767,0.39932,19.19361,1.52901,1,0,0.00000,18,4.79278,1,5.19515,1,0.00000,0,0,0,0,0,0,1,1,0,0.00000,0,,0.00000,0.00000,0,
0,Drive View,18,0.29554,790761486519,0.56005,0.46271,0.06581,0.22973,2,1,0.54473,0.56153,1,0.61172,0.08887,0,,0.39567,0.44811,18.65205,1.50371,1,0.75752,0.39882,18.52737,1.47804,1,0,0.00000,18,4.79080,1,5.31448,1,0.00000,0,0,0,0,0,0,1,1,0,0.00000,0,,0.00000,0.00000,0,
0,Drive View,19,0.31419,790761673021,0.55896,0.47020,0.06581,0.24838,2,1,0.54248,0.58254,1,0.61172,0.08887,0,,0.39566,0.44791,19.44774,1.46455,1,0.75716,0.39881,19.12943,1.45086,1,0,0.00000,18,4.66194,1,5.25571,1,0.00000,0,0,0,0,0,0,1,1,0,0.00000,0,,0.00000,0.00000,0,
0,Drive View,20,0.32836,790761814784,0.55834,0.47532,0.06581,0.26256,2,1,0.54857,0.55728,1,0.61172,0.08887,0,,0.39501,0.44768,18.98328,1.46267,1,0.75640,0.39887,19.41105,1.47465,1,0,0.00000,18,4.69573,1,5.20133,1,0.00000,0,0,0,0,0,0,1,1,0,0.00000,0,,0.00000,0.00000,0,
0,Drive View,21,0.34478,790761978893,0.55682,0.47697,0.06581,0.27897,2,1,0.53095,0.50504,1,0.61172,0.08887,0,,0.39399,0.44992,19.00181,1.48645,1,0.75484,0.40018,19.67433,1.49843,1,0,0.00000,18,5.03464,1,5.34655,1,0.00000,0,0,0,0,0,0,1,1,0,0.00000,0,,0.00000,0.00000,0,
0,Drive View,22,0.36116,790762142676,0.55563,0.47670,0.06581,0.29535,2,1,0.53422,0.47168,1,0.61172,0.08887,0,,0.39220,0.45243,18.55494,1.53930,1,0.75331,0.40254,18.56665,1.55128,1,0,0.00000,18,4.97088,1,5.41114,1,0.00000,0,0,0,0,0,0,1,1,0,0.00000,0,,0.00000,0.00000,0,
0,Drive View,23,0.37762,790762307356,0.55033,0.48401,0.06581,0.31182,2,1,0.44950,0.62291,1,0.61172,0.08887,0,,0.38998,0.45608,18.55721,1.58034,1,0.75064,0.40587,18.68943,1.58034,1,0,0.00000,18,4.57946,1,4.90029,1,0.00000,0,0,0,0,0,0,1,1,0,0.00000,0,,0.00000,0.00000,0,
0,Drive View,24,0.39407,790762471841,0.53161,0.50991,0.06581,0.31182,2,0,0.46957,0.55074,1,0.61172,0.08887,0,,0.38982,0.45593,19.14984,1.60940,1,0.75029,0.40522,18.15870,1.60940,1,0,0.00000,18,4.60272,1,5.13936,1,0.00000,0,0,0,0,0,0,1,1,0,0.00000,0,,0.00000,0.00000,0,
0,Drive View,25,0.41050,790762636144,0.50078,0.52659,0.06581,0.31182,2,0,0.46995,0.54326,1,0.61172,0.08887,0,,0.38840,0.45655,18.59650,1.62289,1,0.74972,0.40538,17.98248,1.62289,1,0,0.00000,18,4.52535,1,4.93060,1,0.00000,0,0,0,0,0,0,1,1,0,0.00000,0,,0.00000,0.00000,0,
0,Drive View,26,0.42699,790762801022,0.48664,0.53799,0.06581,0.31182,2,0,0.45837,0.56078,1,0.61172,0.08887,0,,0.38758,0.45553,18.09514,1.60732,1,0.74939,0.40451,17.59099,1.60732,1,0,0.00000,18,4.56988,1,5.03815,1,0.00000,0,0,0,0,0,0,1,1,0,0.00000,0,,0.00000,0.00000,0,
0,Drive View,27,0.44343,790762965493,0.45551,0.57527,0.06581,0.31182,2,0,0.43821,0.62176,1,0.61172,0.08887,0,,0.38713,0.45535,18.23349,1.59175,1,0.74880,0.40430,17.61086,1.59175,1,0,0.00000,18,4.54301,1,4.97040,1,0.00000,0,0,0,0,0,0,1,1,0,0.00000,0,,0.00000,0.00000,0,
0,Drive View,28,0.45980,790763129073,0.44677,0.60255,0.06581,0.31182,2,0,0.43802,0.62984,1,0.61172,0.09180,0,,0.38672,0.45477,18.51592,1.57618,1,0.74813,0.40343,17.86634,1.57618,1,0,0.00000,18,4.48529,1,4.84921,1,0.00000,0,0,0,0,0,0,1,1,0,0.00000,0,,0.00000,0.00000,0,
0,Drive View,29,0.47625,790763293589,0.44506,0.61033,0.06581,0.31182,2,0,0.44165,0.62588,1,0.61172,0.09180,0,,0.38598,0.45421,17.72175,1.57618,1,0.74789,0.40281,17.29502,1.57618,1,0,0.00000,18,4.55837,1,5.05067,1,0.00000,0,0,0,0,0,0,1,1,0,0.00000,0,,0.00000,0.00000,0,
0,Drive View,30,0.49274,790763458545,0.44471,0.61151,0.44343,0.04931,3,1,0.44368,0.61505,1,0.61172,0.09570,0,,0.38566,0.45416,17.86453,1.57618,1,0.74738,0.40249,17.52873,1.57618,1,0,0.00000,18,4.58675,1,5.05452,1,0.00000,0,0,0,0,0,0,1,1,0,0.00000,0,,0.00000,0.00000,0,
0,Drive View,31,0.50905,790763621619,0.44455,0.61058,0.44343,0.06561,3,1,0.44392,0.60686,1,0.61172,0.09766,0,,0.38523,0.45361,18.03994,1.59175,1,0.74705,0.40217,18.17953,1.59175,1,0,0.00000,18,4.62175,1,4.99616,1,0.00000,0,0,0,0,0,0,1,1,0,0.00000,0,,0.00000,0.00000,0,
0,Drive View,32,0.52554,790763786555,0.44896,0.59854,0.44343,0.08211,3,1,0.47101,0.53837,1,0.61172,0.09766,0,,0.38539,0.45251,18.02824,1.60732,1,0.74744,0.40088,17.98506,1.60732,1,0,0.00000,18,4.70927,1,5.05144,1,0.00000,0,0,0,0,0,0,1,1,0,0.00000,0,,0.00000,0.00000,0,
0,Drive View,33,0.54256,790763956720,0.46589,0.57360,0.44343,0.09912,3,1,0.56747,0.42392,1,0.61172,0.09766,0,,0.38692,0.45050,17.81467,1.62289,1,0.74853,0.39903,18.20572,1.62289,1,0,0.00000,18,5.06829,1,5.29594,1,0.00000,0,0,0,0,0,0,1,1,0,0.00000,0,,0.00000,0.00000,0,
0,Drive View,34,0.55846,790764115700,0.47865,0.55428,0.44343,0.11502,3,1,0.56795,0.41909,1,0.61172,0.09766,0,,0.38860,0.44842,19.59900,1.62289,1,0.74986,0.39714,19.52355,1.63658,1,0,0.00000,18,4.72262,1,5.13609,1,0.00000,0,0,0,0,0,0,1,1,0,0.00000,0,,0.00000,0.00000,0,
0,Drive View,35,0.57492,790764280271,0.48885,0.53652,0.44343,0.13148,3,1,0.57046,0.39439,1,0.61172,0.09766,0,,0.38881,0.44638,18.78535,1.62101,1,0.74988,0.39531,18.18049,1.63470,1,0,0.00000,18,4.65561,1,5.28850,1,0.00000,0,0,0,0,0,0,1,1,0,0.00000,0,,0.00000,0.00000,0,
0,Drive View,36,0.59124,790764443556,0.49823,0.52099,0.44343,0.14781,3,1,0.58263,0.38126,1,0.61172,0.09766,0,,0.38856,0.44691,19.65171,1.61913,1,0.74979,0.39539,18.19608,1.63282,1,0,0.00000,18,4.61433,1,5.32990,1,0.00000,0,0,0,0,0,0,1,1,0,0.00000,0,,0.00000,0.00000,0,
0,Drive View,37,0.60764,790764607499,0.50606,0.50696,0.44343,0.16420,3,1,0.58433,0.36658,1,0.61172,0.09766,0,,0.38809,0.44691,19.71612,1.63282,1,0.74992,0.39529,18.53960,1.66231,1,0,0.00000,18,4.78110,1,5.40306,1,0.00000,0,0,0,0,0,0,1,1,0,0.00000,0,,0.00000,0.00000,0,
0,Drive View,38,0.62419,790764773041,0.51385,0.49385,0.44343,0.18076,3,1,0.59962,0.34968,1,0.61172,0.09766,0,,0.38777,0.44639,18.71431,1.67788,1,0.74986,0.39509,18.35508,1.69367,1,0,0.00000,18,4.74966,1,5.39583,1,0.00000,0,0,0,0,0,0,1,1,0,0.00000,0,,0.00000,0.00000,0,
0,Drive View,39,0.64272,790764958327,0.51953,0.48056,0.44343,0.19928,3,1,0.58769,0.32107,1,0.61172,0.09766,0,,0.38778,0.44613,19.03466,1.70924,1,0.75006,0.39510,18.18719,1.72504,1,0,0.00000,18,4.82273,1,5.51956,1,0.00000,0,0,0,0,0,0,1,1,0,0.00000,0,,39.58192,174.87936,0,
0,Drive View,40,0.65692,790765100341,0.53740,0.44654,0.44343,0.19928,3,0,0.58847,0.31632,1,0.61172,0.09863,0,,0.38780,0.44586,19.19655,1.72504,1,0.75008,0.39496,18.25319,1.72504,1,0,0.00000,18,4.75736,1,5.51301,1,0.00000,0,0,0,0,0,0,1,1,0,0.00000,0,,0.00000,0.00000,0,
0,Drive View,41,0.67376,790765268729,0.56940,0.35582,0.44343,0.19928,3,0,0.60139,0.26511,1,0.61172,0.09863,0,,0.38790,0.44555,19.32907,1.70947,1,0.75040,0.39477,18.42338,1.69367,1,0,0.00000,18,4.77257,1,5.54886,1,0.00000,0,0,0,0,0,0,1,1,0,0.00000,0,,0.00000,0.00000,0,
0,Drive View,42,0.68983,790765429458,0.57615,0.34576,0.44343,0.19928,3,0,0.58967,0.32563,1,0.61172,0.10254,0,,0.38780,0.44554,19.39577,1.67811,1,0.75044,0.39457,18.35822,1.66231,1,0,0.00000,18,4.80238,1,5.59496,1,0.00000,0,0,0,0,0,0,1,1,0,0.00000,0,,0.00000,0.00000,0,
0,Drive View,43,0.70636,790765594752,0.59272,0.31248,0.44343,0.19928,3,0,0.58710,0.34671,1,0.61172,0.10254,0,,0.38773,0.44543,19.65207,1.64674,1,0.75062,0.39430,18.59019,1.63095,1,0,0.00000,18,4.80177,1,5.56494,1,0.00000,0,0,0,0,0,0,1,1,0,0.00000,0,,0.00000,0.00000,0,
0,Drive View,44,0.72267,790765757881,0.58434,0.33199,0.44343,0.19928,3,0,0.57596,0.35150,1,0.61094,0.11621,0,,0.38760,0.44495,19.73712,1.63095,1,0.75055,0.39450,19.06101,1.63095,1,0,0.00000,18,4.84244,1,5.50192,1,0.00000,0,0,0,0,0,0,1,1,0,0.00000,0,,0.00000,0.00000,0,
0,Drive View,45,0.73914,790765922552,0.58051,0.33587,0.44343,0.19928,3,0,0.57287,0.34362,1,0.61094,0.11621,0,,0.38730,0.44473,19.69112,1.63095,1,0.75039,0.39413,18.98108,1.63095,1,0,0.00000,18,4.90894,1,5.54422,1,0.00000,0,0,0,0,0,0,1,1,0,0.00000,0,,0.00000,0.00000,0,
0,Drive View,46,0.75565,790766087639,0.57823,0.34138,0.70636,0.04929,4,1,0.57136,0.35791,1,0.61094,0.12500,0,,0.38711,0.44473,19.75227,1.61745,1,0.75033,0.39416,18.96872,1.60376,1,0,0.00000,18,4.89104,1,5.63386,1,0.00000,0,0,0,0,0,0,1,1,0,0.00000,0,,0.00000,0.00000,0,
0,Drive View,47,0.77256,790766256755,0.57848,0.35200,0.70636,0.06620,4,1,0.57951,0.39449,1,0.61094,0.12500,0,,0.38694,0.44499,19.90874,1.59027,1,0.75002,0.39422,19.30850,1.57658,1,0,0.00000,18,4.88373,1,5.56333,1,0.00000,0,0,0,0,0,0,1,1,0,0.00000,0,,0.00000,0.00000,0,
0,Drive View,48,0.79731,790766504246,0.57977,0.35830,0.70636,0.09095,4,1,0.58618,0.38976,1,0.61016,0.15430,0,,0.38671,0.44503,20.04808,1.56309,1,0.74977,0.39396,19.40861,1.54940,1,0,0.00000,18,4.91545,1,5.71039,1,0.00000,0,0,0,0,0,0,1,1,0,0.00000,0,,0.00000,0.00000,0,
0,Drive View,49,0.80517,790766582835,0.58059,0.36336,0.70636,0.09881,4,1,0.58552,0.39376,1,0.61016,0.15430,0,,0.38629,0.44577,18.37681,1.54940,1,0.74989,0.39451,18.57866,1.54940,1,0,0.00000,18,4.89993,1,5.51239,1,0.00000,0,0,0,0,0,0,1,1,0,0.00000,0,,0.00000,0.00000,0,
0,Drive View,50,0.82140,790766745066,0.58059,0.36336,0.70636,0.11503,4,1,0.58552,0.39376,0,0.61016,0.15820,0,,0.38629,0.44577,18.37681,1.56289,0,0.74989,0.39451,18.57866,1.57658,0,0,0.00000,18,4.89993,0,5.51239,0,0.00000,0,0,0,0,0,0,1,1,0,0.00000,0,,0.00000,0.00000,0,
0,Drive View,51,0.83765,790766907588,0.58059,0.36336,0.70636,0.13128,4,1,0.58552,0.39376,0,0.61016,0.16406,0,,0.38629,0.44577,18.37681,1.59007,0,0.74989,0.39451,18.57866,1.60376,0,0,0.00000,18,4.89993,0,5.51239,0,0.00000,0,0,0,0,0,0,1,1,0,0.00000,0,,0.00000,0.00000,0,
0,Drive View,52,0.85593,790767090392,0.58059,0.36336,0.70636,0.14956,4,1,0.58552,0.39376,0,0.61016,0.16406,0,,0.38629,0.44577,18.37681,1.61726,0,0.74989,0.39451,18.57866,1.63095,0,19,0.00000,18,4.89993,0,5.51239,0,0.00000,0,0,0,0,0,0,1,1,0,0.00000,0,,143.21858,56.92633,0,
0,Drive View,53,0.87135,790767244652,0.57857,0.37184,0.70636,0.14956,4,0,0.58552,0.39376,0,0.61016,0.17578,0,,0.38629,0.44577,18.37681,1.63095,0,0.74989,0.39451,18.57866,1.63095,0,19,0.00000,18,4.89993,0,5.51239,0,0.00000,0,0,0,0,0,0,1,1,0,0.00000,0,,0.00000,0.00000,0,
0,Drive View,54,0.88694,790767400550,0.57857,0.37184,0.70636,0.14956,4,0,0.58552,0.39376,0,0.61016,0.17578,0,,0.38629,0.44577,18.37681,1.63095,0,0.74989,0.39451,18.57866,1.63095,0,19,0.00000,18,4.89993,0,5.51239,0,0.00000,0,0,0,0,0,0,1,1,0,0.00000,0,,0.00000,0.00000,0,
0,Drive View,55,0.90348,790767565923,0.57857,0.37184,0.70636,0.14956,4,0,0.58552,0.39376,0,0.61094,0.19141,0,,0.38629,0.44577,18.37681,1.63095,0,0.74989,0.39451,18.57866,1.63095,0,19,0.00000,18,4.89993,0,5.51239,0,0.00000,0,0,0,0,0,0,1,1,0,0.00000,0,,0.00000,0.00000,0,
0,Drive View,56,0.92067,790767737812,0.00000,0.00000,0.70636,0.14956,4,0,0.58552,0.39376,0,0.61094,0.19141,0,,0.38629,0.44577,18.37681,1.63095,0,0.74989,0.39451,18.57866,1.63095,0,19,0.00000,18,4.89993,0,5.51239,0,0.00000,0,0,0,0,0,0,1,1,0,0.00000,0,,0.00000,0.00000,0,
0,Drive View,57,0.93622,790767893302,0.00000,0.00000,0.70636,0.14956,4,0,0.58552,0.39376,0,0.61094,0.19531,0,,0.38629,0.44577,18.37681,1.63095,0,0.74989,0.39451,18.57866,1.63095,0,19,0.00000,18,4.89993,0,5.51239,0,0.00000,0,0,0,0,0,0,1,1,0,0.00000,0,,0.00000,0.00000,0,
0,Drive View,58,0.95339,790768064986,0.00000,0.00000,0.70636,0.14956,4,0,0.58552,0.39376,0,0.61094,0.19531,0,,0.38629,0.44577,18.37681,1.63095,0,0.74989,0.39451,18.57866,1.63095,0,19,0.00000,18,4.89993,0,5.51239,0,0.00000,0,0,0,0,0,0,1,1,0,0.00000,0,,0.00000,0.00000,0,
0,Drive View,59,0.96911,790768222222,0.00000,0.00000,0.70636,0.14956,4,0,0.58552,0.39376,0,0.61172,0.20410,0,,0.38629,0.44577,18.37681,1.63095,0,0.74989,0.39451,18.57866,1.63095,0,19,0.00000,18,4.89993,0,5.51239,0,0.00000,0,0,0,0,0,0,1,1,0,0.00000,0,,0.00000,0.00000,0,
0,Drive View,60,0.98563,790768387473,0.00000,0.00000,0.70636,0.14956,4,0,0.58552,0.39376,0,0.61172,0.20410,0,,0.38629,0.44577,18.37681,1.63095,0,0.74989,0.39451,18.57866,1.63095,0,19,0.00000,18,4.89993,0,5.51239,0,0.00000,0,0,0,0,0,0,1,1,0,0.00000,0,,0.00000,0.00000,0,
0,Drive View,61,1.00191,790768550185,0.00000,0.00000,0.70636,0.14956,4,0,0.58552,0.39376,0,0.61406,0.21191,0,,0.38629,0.44577,18.37681,1.63095,0,0.74989,0.39451,18.57866,1.63095,0,19,0.00000,18,4.89993,0,5.51239,0,0.00000,0,0,0,0,0,0,1,1,0,0.00000,0,,0.00000,0.00000,0,
0,Drive View,62,1.01834,790768714548,0.55216,0.31700,0.70636,0.14956,4,0,0.55216,0.31700,1,0.61406,0.21191,0,,0.38649,0.44365,20.69929,1.63095,1,0.74954,0.39205,20.25609,1.63095,1,0,0.16242,19,5.22174,1,5.93619,1,0.00000,0,0,0,0,0,0,1,1,0,0.00000,0,,0.00000,0.00000,0,
0,Drive View,63,1.03484,790768879504,0.55309,0.33827,0.70636,0.14956,4,0,0.55401,0.35955,1,0.61484,0.21387,0,,0.38686,0.44660,21.88414,1.63095,1,0.75030,0.39541,21.79948,1.63095,1,0,0.00000,19,5.29072,1,5.76175,1,0.00000,0,0,0,0,0,0,1,1,0,0.00000,0,,0.00000,0.00000,0,
0,Drive View,64,1.05144,790769045533,0.55326,0.34709,0.70636,0.14956,4,0,0.55361,0.36472,1,0.61484,0.21387,0,,0.38755,0.45039,20.85358,1.63095,1,0.74969,0.39838,20.38554,1.61726,1,0,0.00000,19,5.28423,1,5.82742,1,0.00000,0,0,0,0,0,0,1,1,0,0.00000,0,,0.00000,0.00000,0,
0,Drive View,65,1.06784,790769209562,0.53682,0.45832,0.70636,0.14956,4,0,0.50284,0.65070,1,0.61875,0.22070,0,,0.38697,0.45658,20.18621,1.61726,1,0.74906,0.40550,20.83515,1.60356,1,0,0.00000,19,5.01408,1,5.45105,1,0.00000,0,0,0,0,0,0,1,1,0,0.00000,0,,0.00000,0.00000,0,
0,Drive View,66,1.08452,790769376288,0.50986,0.55421,0.70636,0.14956,4,0,0.48290,0.65010,1,0.61875,0.22070,0,,0.38687,0.45671,20.25300,1.60356,1,0.74935,0.40548,20.72227,1.58987,1,0,0.00000,19,5.05836,1,5.52228,1,0.00000,0,0,0,0,0,0,1,1,0,0.00000,0,,0.00000,0.00000,0,
0,Drive View,67,1.10195,790769550671,0.50065,0.58938,0.70636,0.14956,4,0,0.48224,0.65971,1,0.61875,0.22070,0,,0.38678,0.45808,19.04236,1.57638,1,0.74911,0.40682,19.52840,1.57638,1,0,0.00000,19,5.06758,1,5.64543,1,0.00000,0,0,0,0,0,0,1,1,0,0.00000,0,,0.00000,0.00000,0,
0,Drive View,68,1.11711,790769702251,0.47413,0.67406,0.70636,0.14956,4,0,0.45727,0.71236,1,0.62031,0.23145,0,,0.38652,0.45838,19.02831,1.56289,1,0.74948,0.40777,20.08515,1.57658,1,0,0.00000,19,5.04792,1,5.54706,1,0.00000,0,0,0,0,0,0,1,1,0,0.00000,0,,0.00000,0.00000,0,
0,Drive View,69,1.13353,790769866415,0.48901,0.68245,0.70636,0.14956,4,0,0.50389,0.69085,1,0.62109,0.23730,0,,0.38624,0.45942,20.23340,1.56309,1,0.74929,0.40832,20.02316,1.57678,1,0,0.00000,19,5.00502,1,5.63882,1,0.00000,0,0,0,0,0,0,1,1,0,0.00000,0,,0.00000,0.00000,0,
0,Drive View,70,1.14991,790770030211,0.49440,0.68051,0.70636,0.14956,4,0,0.50519,0.67661,1,0.62109,0.23730,0,,0.38595,0.46002,19.59617,1.59235,1,0.74927,0.40867,19.95394,1.60604,1,0,0.00000,19,5.02302,1,5.56899,1,0.00000,0,0,0,0,0,0,1,1,0,0.00000,0,,0.00000,0.00000,0,
0,Drive View,71,1.16630,790770194185,0.49759,0.66386,1.11711,0.04919,5,1,0.50716,0.61391,1,0.62344,0.25391,0,,0.38568,0.46098,19.32478,1.63510,1,0.74893,0.40988,20.55369,1.63510,1,0,0.00000,19,5.16329,1,5.57035,1,0.00000,0,0,0,0,0,0,1,1,0,0.00000,0,AOI 3,0.00000,0.00000,0,
0,Drive View,72,1.18289,790770360028,0.49935,0.65135,1.11711,0.06578,5,1,0.50637,0.60133,1,0.62344,0.25391,0,,0.38550,0.46383,21.21623,1.66416,1,0.74807,0.41180,22.06780,1.66416,1,0,0.00000,19,5.09194,1,5.44071,1,0.00000,0,0,0,0,0,0,1,1,0,0.00000,0,AOI 3,0.00000,0.00000,0,
0,Drive View,73,1.19912,790770522331,0.50056,0.64254,1.11711,0.08200,5,1,0.50662,0.59849,1,0.62344,0.26660,0,,0.38531,0.46672,21.20498,1.67765,1,0.74760,0.41536,22.45865,1.66396,1,0,0.00000,19,5.14987,1,5.49505,1,0.00000,0,0,0,0,0,0,1,1,0,0.00000,0,,0.00000,0.00000,0,
0,Drive View,74,1.21588,790770689975,0.49907,0.67229,1.11711,0.09877,5,1,0.49012,0.85078,1,0.61719,0.27930,0,,0.38509,0.47505,21.09596,1.64839,1,0.74606,0.42141,21.88657,1.63470,1,0,0.00000,19,5.12158,1,5.43681,1,0.00000,0,0,0,0,0,0,1,1,0,0.00000,0,AOI 3,0.00000,0.00000,0,
0,Drive View,75,1.23353,790770866450,0.49680,0.69583,1.11711,0.11642,5,1,0.48089,0.86062,1,0.61719,0.27930,0,,0.38463,0.47593,21.12833,1.61913,1,0.74589,0.42193,22.38983,1.60544,1,0,0.00000,19,5.24389,1,5.45130,1,0.00000,0,0,0,0,0,0,1,1,0,0.00000,0,AOI 3,0.00000,0.00000,0,
0,Drive View,76,1.24851,790771016241,0.49505,0.71402,1.11711,0.13140,5,1,0.48110,0.85948,1,0.60469,0.29590,0,,0.38349,0.47907,20.54833,1.60544,1,0.74598,0.42417,20.76176,1.62124,1,0,0.00000,19,4.98992,1,5.34165,1,0.00000,0,0,0,0,0,0,1,1,0,0.00000,0,AOI 3,0.00000,0.00000,0,
0,Drive View,77,1.26498,790771180977,0.49221,0.72806,1.11711,0.14787,5,1,0.46666,0.85451,1,0.60469,0.29590,0,,0.38266,0.48175,20.63867,1.63681,1,0.74457,0.42649,21.59228,1.66629,1,0,0.00000,19,5.05013,1,5.38958,1,0.00000,0,0,0,0,0,0,1,1,0,0.00000,0,AOI 3,0.00000,0.00000,0,
0,Drive View,78,1.28260,790771357149,0.49435,0.73359,1.11711,0.16549,5,1,0.51577,0.78887,1,0.60078,0.30078,0,,0.38234,0.48346,20.56054,1.68186,1,0.74410,0.42784,22.09090,1.71135,1,0,0.00000,19,5.12441,1,5.36265,1,0.00000,0,0,0,0,0,0,1,1,0,0.00000,0,AOI 3,0.00000,0.00000,0,
0,Drive View,79,1.29786,790771509738,0.49622,0.73754,1.11711,0.18075,5,1,0.51669,0.78100,1,0.60078,0.30078,0,,0.38137,0.48674,20.52288,1.71135,1,0.74341,0.42949,20.11364,1.72504,1,0,0.00000,19,4.78198,1,5.34999,1,0.00000,0,0,0,0,0,0,1,1,0,0.00000,0,AOI 3,0.00000,0.00000,0,
0,Drive View,80,1.31418,790771672951,0.49704,0.74296,1.11711,0.19707,5,1,0.50692,0.80798,1,0.60078,0.30176,0,,0.37980,0.49236,19.96284,1.70947,1,0.74152,0.43353,21.52580,1.69367,1,0,0.00000,19,4.94361,1,5.30187,1,0.00000,0,0,0,0,0,0,1,1,0,0.00000,0,AOI 3,0.00000,0.00000,0,
0,Drive View,81,1.33407,790771871831,0.49801,0.74924,1.11711,0.21696,5,1,0.51059,0.83078,1,0.60078,0.30176,0,,0.37909,0.49412,20.35926,1.67811,1,0.74084,0.43466,22.27912,1.66231,1,0,0.00000,19,5.31491,1,5.51739,1,0.00000,0,0,0,0,0,0,1,1,0,0.00000,0,AOI 3,0.00000,0.00000,0,
0,Drive View,82,1.34715,790772002623,0.49880,0.75506,1.11711,0.23003,5,1,0.50987,0.83656,1,0.62031,0.32617,0,,0.37749,0.49801,19.74872,1.66231,1,0.73928,0.43760,20.35896,1.64651,1,0,0.00000,19,4.73541,1,5.24654,1,0.00000,0,0,0,0,0,0,1,1,0,0.00000,0,AOI 3,414.53845,255.37161,0,
0,Drive View,83,1.36346,790772165777,0.50099,0.78951,1.11711,0.23003,5,0,0.52028,0.80367,1,0.62031,0.32617,0,,0.37562,0.50147,19.53996,1.66208,1,0.73735,0.44015,20.89920,1.66208,1,0,0.00000,19,4.81752,1,5.20440,1,0.00000,0,0,0,0,0,0,1,1,0,0.00000,0,,0.00000,0.00000,0,
0,Drive View,84,1.37977,790772328802,0.53591,0.82359,1.11711,0.23003,5,0,0.57084,0.85768,1,0.65000,0.36133,0,,0.37698,0.50395,20.20616,1.67765,1,0.73819,0.44233,21.26367,1.67765,1,0,0.00000,19,4.97885,1,5.43051,1,0.00000,0,0,0,0,0,0,1,1,0,0.00000,0,,0.00000,0.00000,0,
0,Drive View,85,1.39632,790772494347,0.54816,0.83203,1.11711,0.23003,5,0,0.57266,0.84890,1,0.65000,0.36133,0,,0.38103,0.50820,18.86702,1.69322,1,0.74064,0.44706,19.48254,1.70901,1,0,0.00000,19,5.99417,1,6.13494,1,0.00000,0,0,0,0,0,0,1,1,0,0.00000,0,,0.00000,0.00000,0,
0,Drive View,86,1.41273,790772658475,0.68141,0.83550,1.11711,0.23003,5,0,0.90074,0.79991,1,0.65703,0.37109,0,,0.38744,0.51388,17.97458,1.70901,1,0.74634,0.45327,19.38208,1.72481,1,0,0.00000,19,5.16926,1,5.88284,1,0.00000,0,0,0,0,0,0,1,1,0,0.00000,0,,0.00000,0.00000,0,
0,Drive View,87,1.42938,790772824928,0.80658,0.79946,1.11711,0.23003,5,0,0.93174,0.76342,1,0.65703,0.37109,0,,0.38866,0.51451,17.82819,1.72481,1,0.74782,0.45472,19.22880,1.74061,1,0,0.00000,19,5.42733,1,6.29732,1,0.00000,0,0,0,0,0,0,1,1,0,0.00000,0,,0.00000,0.00000,0,
0,Drive View,88,1.44554,790772986579,0.84640,0.79059,1.11711,0.23003,5,0,0.92605,0.77286,1,0.65703,0.37109,0,,0.39338,0.51739,18.68022,1.71155,1,0.75277,0.45908,19.56530,1.71155,1,0,0.00000,19,4.66993,1,5.23158,1,0.00000,0,0,0,0,0,0,1,1,0,0.00000,0,,0.00000,0.00000,0,
0,Drive View,89,1.46192,790773150332,0.90264,0.81359,1.11711,0.23003,5,0,0.85012,0.90449,1,0.65703,0.37109,0,,0.39516,0.51778,18.58232,1.68249,1,0.75583,0.46209,19.40248,1.66669,1,0,0.00000,19,4.47723,1,5.14380,1,0.00000,0,0,0,0,0,0,1,1,0,0.00000,0,,0.00000,0.00000,0,
0,Drive View,90,1.47846,790773315745,0.89445,0.82467,1.11711,0.23003,5,0,0.88627,0.83575,1,0.65703,0.37109,0,,0.39583,0.51790,18.53170,1.63763,1,0.75739,0.46323,19.58994,1.62183,1,0,0.00000,19,4.76218,1,5.51695,1,0.00000,0,0,0,0,0,0,1,1,0,0.00000,0,,0.00000,0.00000,0,
0,Drive View,91,1.49494,790773480480,0.88718,0.83518,1.11711,0.23003,5,0,0.87263,0.85620,1,0.65703,0.37109,0,,0.40024,0.51932,18.49557,1.59277,1,0.76081,0.46696,19.60094,1.56329,1,0,0.00000,19,4.64238,1,5.19910,1,0.00000,0,0,0,0,0,0,1,1,0,0.00000,0,,0.00000,0.00000,0,
0,Drive View,92,1.51130,790773644111,0.88919,0.83682,1.46192,0.04938,6,1,0.89521,0.84173,1,0.65703,0.37109,0,,0.40147,0.52016,18.80388,1.56329,1,0.76351,0.47031,19.10445,1.54960,1,0,0.00000,19,4.45943,1,5.10621,1,0.00000,0,0,0,0,0,0,1,1,0,0.00000,0,,0.00000,0.00000,0,
0,Drive View,93,1.52790,790773810179,0.88313,0.84721,1.46192,0.06598,6,1,0.85891,0.88880,1,0.65703,0.37109,0,,0.40248,0.52041,18.51338,1.54960,1,0.76395,0.47138,19.33670,1.53591,1,0,0.00000,19,4.56109,1,5.41413,1,0.00000,0,0,0,0,0,0,1,1,0,0.00000,0,,0.00000,0.00000,0,
0,Drive View,94,1.54430,790773974152,0.87909,0.85416,1.46192,0.08238,6,1,0.85886,0.88887,1,0.65703,0.37109,0,,0.40502,0.52253,18.14026,1.54940,1,0.76655,0.47458,19.31884,1.53571,1,0,0.00000,19,4.60179,1,5.02199,1,0.00000,0,0,0,0,0,0,1,1,0,0.00000,0,,0.00000,0.00000,0,
0,Drive View,95,1.56079,790774138976,0.87669,0.85837,1.46192,0.09887,6,1,0.86230,0.88366,1,0.65703,0.37109,0,,0.40593,0.52338,18.67532,1.54920,1,0.76761,0.47612,19.66686,1.54920,1,0,0.00000,19,4.56930,1,4.89113,1,0.00000,0,0,0,0,0,0,1,1,0,0.00000,0,,0.00000,0.00000,0,
0,Drive View,96,1.57714,790774302505,0.87517,0.86006,1.46192,0.11522,6,1,0.86457,0.87192,1,0.65703,0.37109,0,,0.40651,0.52346,18.18482,1.56269,1,0.76808,0.47649,19.55743,1.56269,1,0,0.00000,19,4.56916,1,5.01524,1,0.00000,0,0,0,0,0,0,1,1,0,0.00000,0,,0.00000,0.00000,0,
0,Drive View,97,1.59352,790774466294,0.87460,0.86044,1.46192,0.13160,6,1,0.87000,0.86343,1,0.65703,0.37109,0,,0.40780,0.52425,18.51361,1.57618,1,0.76945,0.47784,19.80130,1.58987,1,0,0.00000,19,4.51704,1,4.92527,1,0.00000,0,0,0,0,0,0,1,1,0,0.00000,0,,0.00000,0.00000,0,
0,Drive View,98,1.60992,790774630375,0.87420,0.86265,1.46192,0.14800,6,1,0.87064,0.88253,1,0.65703,0.37109,0,,0.40885,0.52453,18.64867,1.58987,1,0.77040,0.47845,19.49839,1.60356,1,0,0.00000,19,4.48614,1,4.86806,1,0.00000,0,0,0,0,0,0,1,1,0,0.00000,0,,0.00000,0.00000,0,
0,Drive View,99,1.62654,790774796523,0.87377,0.86230,1.46192,0.16462,6,1,0.86949,0.85883,1,0.65703,0.37109,0,,0.40929,0.52400,18.75708,1.60356,1,0.77102,0.47837,20.01270,1.61726,1,0,0.00000,19,4.56034,1,4.88335,1,0.00000,0,0,0,0,0,0,1,1,0,0.00000,0,,0.00000,0.00000,0,
0,Drive View,100,1.64314,790774962527,0.87371,0.86159,1.46192,0.18122,6,1,0.87298,0.85382,1,0.65703,0.37109,0,,0.41125,0.52281,19.21887,1.61726,1,0.77231,0.47759,20.25145,1.63095,1,0,0.00000,19,4.60175,1,4.87451,1,0.00000,0,0,0,0,0,0,1,1,0,0.00000,0,,0.00000,0.00000,0,
0,Drive View,101,1.65967,790775127864,0.87641,0.85882,1.46192,0.19775,6,1,0.90887,0.82552,1,0.65703,0.37109,0,,0.41255,0.52125,18.94565,1.63095,1,0.77344,0.47610,20.45707,1.63095,1,0,0.00000,19,4.59005,1,4.84129,1,0.00000,0,0,0,0,0,0,1,1,0,0.00000,0,,0.00000,0.00000,0,
0,Drive View,102,1.67556,790775286676,0.87762,0.85505,1.46192,0.21363,6,1,0.89327,0.80602,1,0.65703,0.37109,0,,0.41291,0.51957,19.84110,1.63095,1,0.77434,0.47411,20.51348,1.63095,1,0,0.00000,19,4.93364,1,5.12683,1,0.00000,0,0,0,0,0,0,1,1,0,0.00000,0,,0.00000,0.00000,0,
0,Drive View,103,1.69218,790775452896,0.87830,0.85237,1.46192,0.23026,6,1,0.88787,0.81491,1,0.65703,0.37109,0,,0.41526,0.51156,18.36673,1.61745,1,0.77551,0.46711,19.92854,1.60376,1,0,0.00000,19,5.21739,1,5.80412,1,0.00000,0,0,0,0,0,0,1,1,0,0.00000,0,,0.00000,0.00000,0,
0,Drive View,104,1.70840,790775615176,0.84929,0.87366,1.46192,0.24648,6,1,0.41409,1.19294,1,0.65703,0.37109,0,,0.40719,0.50951,25.26876,1.59027,1,0.78045,0.46716,29.42954,1.57658,1,0,0.00000,19,8.86070,1,13.05757,1,0.00000,0,0,0,0,0,0,1,1,0,0.00000,0,,0.00000,0.00000,0,
0,Drive View,105,1.72481,790775779290,0.85132,0.89142,1.46192,0.26289,6,1,0.88382,1.17557,1,0.65703,0.37109,0,,0.40931,0.51025,28.94840,1.56309,1,0.78412,0.46640,35.21204,1.54940,1,0,0.00000,19,11.07029,1,13.69828,1,0.00000,0,0,0,0,0,0,1,1,0,0.00000,0,,472.33664,342.80521,0,
0,Drive View,106,1.74128,790775943940,0.83944,0.93426,1.46192,0.26289,6,0,0.87543,1.18191,1,0.65703,0.37109,0,,0.41413,0.48114,20.11618,1.53591,1,0.77297,0.43724,21.43554,1.52222,1,0,0.00000,19,5.10473,1,5.43310,1,0.00000,0,0,0,0,0,0,1,1,0,0.00000,0,,0.00000,0.00000,0,
0,Drive View,107,1.75838,790776114900,0.78037,0.65932,1.46192,0.26289,6,0,0.72129,0.38439,1,0.65703,0.37109,0,,0.41433,0.47554,19.90858,1.52222,1,0.77399,0.43065,20.47221,1.52222,1,0,0.00000,19,5.01037,1,5.32363,1,0.00000,0,0,0,0,0,0,1,1,0,0.00000,0,,0.00000,0.00000,0,
0,Drive View,108,1.77411,790776272234,0.76260,0.57005,1.46192,0.26289,6,0,0.72707,0.39150,1,0.65703,0.37109,0,,0.41508,0.47198,20.68421,1.52222,1,0.77487,0.42778,21.75182,1.52222,1,0,0.00000,19,4.93219,1,5.37299,1,0.00000,0,0,0,0,0,0,1,1,0,0.00000,0,,0.00000,0.00000,0,
0,Drive View,109,1.79054,790776436549,0.72514,0.38913,1.46192,0.26289,6,0,0.72707,0.39150,1,0.65703,0.37109,0,,0.41542,0.46886,20.12286,1.52222,1,0.77550,0.42553,21.20592,1.52222,1,0,0.00000,19,5.18827,1,5.36854,1,0.00000,0,0,0,0,0,0,1,1,0,0.00000,0,,0.00000,0.00000,0,
0,Drive View,110,1.80699,790776601028,0.72203,0.38082,1.46192,0.26289,6,0,0.71892,0.37251,1,0.65703,0.37109,0,,0.41624,0.46520,19.51900,1.52222,1,0.77629,0.42198,20.10644,1.52222,1,0,0.00000,19,5.04560,1,5.39363,1,0.00000,0,0,0,0,0,0,1,1,0,0.00000,0,,0.00000,0.00000,0,
0,Drive View,111,1.82340,790776765137,0.72239,0.38070,1.46192,0.26289,6,0,0.72311,0.38047,1,0.65703,0.37109,0,,0.41645,0.46388,19.28686,1.52222,1,0.77677,0.42102,19.88717,1.52222,1,0,0.00000,19,5.04676,1,5.50348,1,0.00000,0,0,0,0,0,0,1,1,0,0.00000,0,,0.00000,0.00000,0,
0,Drive View,112,1.83981,790776929244,0.72257,0.38065,1.79054,0.04927,7,1,0.72311,0.38047,1,0.65703,0.37109,0,,0.41669,0.46238,19.44878,1.52222,1,0.77731,0.41993,19.67771,1.52222,1,0,0.00000,19,5.04784,1,5.48879,1,0.00000,0,0,0,0,0,0,1,1,0,0.00000,0,,0.00000,0.00000,0,
0,Drive View,113,1.85645,790777095656,0.72163,0.37571,1.79054,0.06591,7,1,0.71788,0.35595,1,0.65703,0.37109,0,,0.41706,0.46141,19.35044,1.52222,1,0.77751,0.42016,20.11012,1.52222,1,0,0.00000,19,5.03826,1,5.47017,1,0.00000,0,0,0,0,0,0,1,1,0,0.00000,0,,0.00000,0.00000,0,
0,Drive View,114,1.87266,790777257785,0.72023,0.37959,1.79054,0.08212,7,1,0.71319,0.39903,1,0.65703,0.37109,0,,0.41707,0.46117,19.72089,1.52222,1,0.77763,0.41951,20.25703,1.52222,1,0,0.00000,19,5.02393,1,5.43154,1,0.00000,0,0,0,0,0,0,1,1,0,0.00000,0,,0.00000,0.00000,0,
0,Drive View,115,1.88927,790777423882,0.71922,0.38237,1.79054,0.09873,7,1,0.71319,0.39903,1,0.65703,0.37109,0,,0.41697,0.46013,19.67876,1.52222,1,0.77775,0.41938,21.03799,1.52222,1,0,0.00000,19,5.14301,1,5.46938,1,0.00000,0,0,0,0,0,0,1,1,0,0.00000,0,,0.00000,0.00000,0,
0,Drive View,116,1.90567,790777587859,0.72051,0.37999,1.79054,0.11513,7,1,0.72952,0.36337,1,0.65703,0.37109,0,,0.41743,0.45873,19.58009,1.52222,1,0.77813,0.41682,19.92608,1.52222,1,0,0.00000,19,5.09873,1,5.49718,1,0.00000,0,0,0,0,0,0,1,1,0,0.00000,0,,0.00000,0.00000,0,
0,Drive View,117,1.92200,790777751078,0.72084,0.37918,1.79054,0.13145,7,1,0.72348,0.37263,1,0.65703,0.37109,0,,0.41724,0.45848,19.81364,1.52222,1,0.77791,0.41571,19.61436,1.52222,1,0,0.00000,19,5.13783,1,5.69446,1,0.00000,0,0,0,0,0,0,1,1,0,0.00000,0,,0.00000,0.00000,0,
0,Drive View,118,1.93857,790777916885,0.72142,0.37705,1.79054,0.14803,7,1,0.72665,0.35788,1,0.65703,0.37109,0,,0.41555,0.45689,19.90858,1.53571,1,0.77595,0.41472,20.42512,1.54940,1,0,0.00000,19,5.42378,1,6.02039,1,0.00000,0,0,0,0,0,0,1,1,0,0.00000,0,,0.00000,0.00000,0,
0,Drive View,119,1.95486,790778079712,0.70871,0.38386,1.79054,0.16432,7,1,0.58161,0.45204,1,0.65703,0.37109,0,,0.41295,0.45615,19.69376,1.56289,1,0.77245,0.41232,20.00214,1.57658,1,0,0.00000,19,5.24684,1,6.00478,1,0.00000,0,0,0,0,0,0,1,1,0,0.00000,0,,0.00000,0.00000,0,
0,Drive View,120,1.97200,790778251142,0.69696,0.39001,1.79054,0.18146,7,1,0.56770,0.45763,1,0.66094,0.37207,0,,0.41292,0.45536,19.15318,1.59007,1,0.77290,0.41157,19.58996,1.60376,1,0,0.00000,19,5.26898,1,5.82705,1,0.00000,0,0,0,0,0,0,1,1,0,0.00000,0,,0.00000,0.00000,0,
0,Drive View,121,1.98865,790778417575,0.68717,0.39392,1.79054,0.19810,7,1,0.56976,0.44086,1,0.66094,0.37207,0,,0.41243,0.45516,19.77552,1.61725,1,0.77314,0.41072,19.77463,1.63095,1,0,0.00000,19,5.16725,1,5.94404,1,0.00000,0,0,0,0,0,0,1,1,0,0.00000,0,,0.00000,0.00000,0,
0,Drive View,122,2.00421,790778573256,0.67835,0.39643,1.79054,0.21367,7,1,0.56364,0.42897,1,0.67344,0.36914,0,,0.41290,0.45382,19.33653,1.63095,1,0.77349,0.41013,20.00902,1.63095,1,0,0.00000,19,5.21290,1,5.77704,1,0.00000,0,0,0,0,0,0,1,1,0,0.00000,0,,0.00000,0.00000,0,
0,Drive View,123,2.02061,790778737176,0.67150,0.39817,1.79054,0.23006,7,1,0.57564,0.42256,1,0.67344,0.36914,0,,0.41326,0.45387,19.32865,1.63095,1,0.77393,0.41026,19.76518,1.63095,1,0,0.00000,19,5.17213,1,5.77689,1,0.00000,0,0,0,0,0,0,1,1,0,0.00000,0,,0.00000,0.00000,0,
0,Drive View,124,2.03701,790778901236,0.66541,0.40052,1.79054,0.24647,7,1,0.57410,0.43585,1,0.68516,0.36230,0,,0.41346,0.45396,19.37886,1.61745,1,0.77414,0.41035,19.97416,1.60376,1,0,0.00000,19,5.15752,1,5.77481,1,0.00000,0,0,0,0,0,0,1,1,0,0.00000,0,,556.16193,115.33244,0,
0,Drive View,125,2.05354,790779066526,0.63337,0.41597,1.79054,0.24647,7,0,0.56192,0.46182,1,0.68516,0.36230,0,,0.41345,0.45521,19.63426,1.59027,1,0.77436,0.41173,20.14824,1.57658,1,0,0.00000,19,5.11439,1,5.66315,1,0.00000,0,0,0,0,0,0,1,1,0,0.00000,0,,0.00000,0.00000,0,
0,Drive View,126,2.06998,790779230960,0.59787,0.44919,1.79054,0.24647,7,0,0.56237,0.48241,1,0.69609,0.35742,0,,0.41376,0.45517,19.52395,1.56309,1,0.77482,0.41343,21.51638,1.54940,1,0,0.00000,19,5.06660,1,5.55942,1,0.00000,0,0,0,0,0,0,1,1,0,0.00000,0,,0.00000,0.00000,0,
0,Drive View,127,2.08644,790779395495,0.58536,0.46588,1.79054,0.24647,7,0,0.56033,0.49924,1,0.71172,0.35156,0,,0.41384,0.45618,19.49970,1.53591,1,0.77484,0.41318,19.66762,1.52222,1,0,0.00000,19,5.10658,1,5.71695,1,0.00000,0,0,0,0,0,0,1,1,0,0.00000,0,,0.00000,0.00000,0,
0,Drive View,128,2.10282,790779559319,0.58296,0.47013,2.05354,0.04928,8,1,0.57576,0.48290,1,0.71172,0.35156,0,,0.41368,0.45641,19.33936,1.52222,1,0.77481,0.41372,19.85753,1.52222,1,0,0.00000,19,5.03583,1,5.49522,1,0.00000,0,0,0,0,0,0,1,1,0,0.00000,0,,0.00000,0.00000,0,
0,Drive View,129,2.11961,790779727211,0.57791,0.47095,2.05354,0.06607,8,1,0.55774,0.47421,1,0.71172,0.35156,0,,0.41366,0.45605,19.32868,1.52222,1,0.77481,0.41389,19.73016,1.52222,1,0,0.00000,19,5.05387,1,5.63659,1,0.00000,0,0,0,0,0,0,1,1,0,0.00000,0,,0.00000,0.00000,0,
0,Drive View,130,2.13564,790779887519,0.57455,0.47149,2.05354,0.08210,8,1,0.55774,0.47421,1,0.71875,0.34961,1,,0.41380,0.45580,19.53494,1.52222,1,0.77498,0.41384,19.93194,1.52222,1,0,0.00000,19,5.01646,1,5.54111,1,0.00000,0,0,0,0,0,0,1,1,0,0.00000,0,,0.00000,0.00000,0,
0,Drive View,131,2.15206,790780051763,0.57979,0.47242,2.05354,0.09853,8,1,0.61123,0.47802,1,0.71953,0.34961,0,,0.41485,0.45704,20.29703,1.52222,1,0.77573,0.41553,20.28807,1.52222,1,0,0.00000,19,4.95896,1,5.48474,1,0.00000,0,0,0,0,0,0,1,1,0,0.00000,0,,0.00000,0.00000,0,
0,Drive View,132,2.16852,790780216295,0.58552,0.47768,2.05354,0.11498,8,1,0.62564,0.51448,1,0.71953,0.34961,0,,0.41529,0.45774,19.73970,1.52222,1,0.77663,0.41722,20.55168,1.52222,1,0,0.00000,19,5.13863,1,5.69929,1,0.00000,0,0,0,0,0,0,1,1,0,0.00000,0,,0.00000,0.00000,0,
0,Drive View,133,2.18490,790780380148,0.59023,0.48035,2.05354,0.13136,8,1,0.62787,0.50171,1,0.71953,0.34961,0,,0.41680,0.45935,18.59527,1.53571,1,0.77775,0.41895,19.52421,1.54940,1,0,0.00000,19,4.89287,1,5.43051,1,0.00000,0,0,0,0,0,0,1,1,0,0.00000,0,,0.00000,0.00000,0,
0,Drive View,134,2.20126,790780543766,0.59227,0.47929,2.05354,0.14772,8,1,0.61071,0.46977,1,0.71953,0.34961,3,,0.41681,0.45938,18.47058,1.56289,1,0.77815,0.41922,19.68490,1.57658,1,0,0.00000,19,4.87188,1,5.43088,1,0.00000,0,0,0,0,0,0,1,1,0,0.00000,0,,0.00000,0.00000,0,
0,Drive View,135,2.21778,790780708960,0.59435,0.47596,2.05354,0.16425,8,1,0.61514,0.44261,1,0.71953,0.34961,0,,0.41663,0.45916,18.45657,1.59007,1,0.77791,0.41973,19.81063,1.60376,1,0,0.00000,19,4.85374,1,5.42628,1,0.00000,0,0,0,0,0,0,1,1,0,0.00000,0,,0.00000,0.00000,0,
0,Drive View,136,2.23427,790780873804,0.59631,0.47177,2.05354,0.18073,8,1,0.61783,0.42569,1,0.72109,0.34570,0,,0.41659,0.45908,18.80408,1.61725,1,0.77806,0.41953,19.92238,1.63095,1,0,0.00000,19,4.83153,1,5.47929,1,0.00000,0,0,0,0,0,0,1,1,0,0.00000,0,,0.00000,0.00000,0,
0,Drive View,137,2.25063,790781037453,0.59771,0.47272,2.05354,0.19709,8,1,0.61453,0.48408,1,0.72500,0.33789,0,,0.41675,0.45805,18.38138,1.63095,1,0.77850,0.41861,19.68053,1.63095,1,0,0.00000,19,4.83486,1,5.32271,1,0.00000,0,0,0,0,0,0,1,1,0,0.00000,0,,0.00000,0.00000,0,
0,Drive View,138,2.26702,790781201289,0.59878,0.47247,2.05354,0.21348,8,1,0.61274,0.46932,1,0.72500,0.33789,0,,0.41671,0.45802,18.41734,1.63095,1,0.77835,0.41872,19.76175,1.63095,1,0,0.00000,19,4.86329,1,5.39873,1,0.00000,0,0,0,0,0,0,1,1,0,0.00000,0,,0.00000,0.00000,0,
0,Drive View,139,2.28356,790781366772,0.59972,0.47226,2.05354,0.23003,8,1,0.61274,0.46932,1,0.72578,0.33398,0,,0.41652,0.45757,18.40074,1.63095,1,0.77819,0.41853,19.67457,1.63095,1,0,0.00000,19,4.84617,1,5.41116,1,0.00000,0,0,0,0,0,0,1,1,0,0.00000,0,,0.00000,0.00000,0,
0,Drive View,140,2.30014,790781532514,0.60225,0.47079,2.05354,0.24660,8,1,0.64035,0.44863,1,0.72578,0.33398,1,,0.41610,0.45712,18.84200,1.63095,1,0.77806,0.41851,19.57366,1.63095,1,0,0.00000,19,4.81501,1,5.41420,1,0.00000,0,0,0,0,0,0,1,1,0,0.00000,0,,0.00000,0.00000,0,
0,Drive View,141,2.31627,790781693839,0.60454,0.46909,2.05354,0.26273,8,1,0.64113,0.44196,1,0.72578,0.33398,0,,0.41611,0.45699,18.82445,1.63095,1,0.77810,0.41788,19.02496,1.63095,1,0,0.00000,19,4.91771,1,5.49972,1,0.00000,0,0,0,0,0,0,1,1,0,0.00000,0,,0.00000,0.00000,0,
0,Drive View,142,2.33284,790781859526,0.60672,0.46676,2.05354,0.27930,8,1,0.64381,0.42712,1,0.72578,0.33398,0,,0.41584,0.45650,19.14208,1.64651,1,0.77799,0.41805,19.80994,1.66231,1,0,0.00000,19,4.87861,1,5.38130,1,0.00000,0,0,0,0,0,0,1,1,0,0.00000,0,,0.00000,0.00000,0,
0,Drive View,143,2.34914,790782022534,0.60748,0.46286,2.05354,0.29560,8,1,0.62114,0.39277,1,0.72578,0.33398,0,,0.41605,0.45569,18.55617,1.67788,1,0.77826,0.41749,19.39680,1.69367,1,0,0.00000,19,4.88726,1,5.42474,1,0.00000,0,0,0,0,0,0,1,1,0,0.00000,0,,0.00000,0.00000,0,
0,Drive View,144,2.36571,790782188193,0.60879,0.46111,2.05354,0.31217,8,1,0.63355,0.42782,1,0.72578,0.33398,3,,0.41645,0.45578,18.46228,1.70924,1,0.77857,0.41730,19.32222,1.72504,1,0,0.00000,19,4.92510,1,5.46655,1,0.00000,0,0,0,0,0,0,1,1,0,0.00000,0,,0.00000,0.00000,0,
0,Drive View,145,2.38197,790782350833,0.61000,0.45932,2.05354,0.32843,8,1,0.63433,0.42355,1,0.73125,0.31934,0,,0.41676,0.45585,18.61358,1.72504,1,0.77897,0.41715,19.41742,1.72504,1,0,0.00000,19,4.87832,1,5.47823,1,0.00000,0,0,0,0,0,0,1,1,0,0.00000,0,,0.00000,0.00000,0,
0,Drive View,146,2.39857,790782516833,0.61073,0.45690,2.05354,0.34503,8,1,0.62596,0.40606,1,0.73125,0.31934,0,,0.41708,0.45657,19.15152,1.70947,1,0.77933,0.41811,19.92994,1.69367,1,0,0.00000,19,4.85087,1,5.42473,1,0.00000,0,0,0,0,0,0,1,1,0,0.00000,0,,90.72912,219.51826,0,
0,Drive View,147,2.41487,790782679813,0.63264,0.43152,2.05354,0.34503,8,0,0.69360,0.36187,1,0.76406,0.18750,0,,0.41826,0.45605,18.99604,1.67811,1,0.78033,0.41761,19.73180,1.66231,1,0,0.00000,19,4.92944,1,5.52430,1,0.00000,0,0,0,0,0,0,1,1,0,0.00000,0,,0.00000,0.00000,0,
0,Drive View,148,2.43126,790782843746,0.66107,0.40688,2.05354,0.34503,8,0,0.68950,0.38224,1,0.76406,0.18750,0,,0.41953,0.45619,19.43855,1.64674,1,0.78100,0.41684,19.70256,1.63095,1,0,0.00000,19,4.98164,1,5.43114,1,0.00000,0,0,0,0,0,0,1,1,0,0.00000,0,,0.00000,0.00000,0,
0,Drive View,149,2.44781,790783009240,0.67864,0.37787,2.05354,0.34503,8,0,0.71377,0.31985,1,0.78516,0.09863,0,,0.42038,0.45529,19.66115,1.63095,1,0.78216,0.41674,19.60239,1.63095,1,0,0.00000,19,4.88047,1,5.35726,1,0.00000,0,0,0,0,0,0,1,1,0,0.00000,0,,0.00000,0.00000,0,
0,Drive View,150,2.46414,790783172523,0.69955,0.35407,2.05354,0.34503,8,0,0.69537,0.36012,1,0.78516,0.09863,0,,0.42054,0.45508,19.65032,1.63095,1,0.78219,0.41705,19.77324,1.63095,1,0,0.00000,19,4.89913,1,5.41753,1,0.00000,0,0,0,0,0,0,1,1,0,0.00000,0,,0.00000,0.00000,0,
0,Drive View,151,2.48061,790783337240,0.69796,0.35425,2.05354,0.34503,8,0,0.69638,0.35444,1,0.79609,0.00977,0,,0.42067,0.45506,19.73812,1.63095,1,0.78252,0.41720,19.38747,1.64674,1,0,0.00000,19,4.90611,1,5.40473,1,0.00000,0,0,0,0,0,0,1,1,0,0.00000,0,,0.00000,0.00000,0,
0,Drive View,152,2.49699,790783500978,0.70390,0.33283,2.05354,0.34503,8,0,0.71577,0.28997,1,0.79609,0.00977,0,,0.42100,0.45571,19.62687,1.64674,1,0.78279,0.41837,19.80832,1.66254,1,0,0.00000,19,4.85677,1,5.39527,1,0.00000,0,0,0,0,0,0,1,1,0,0.00000,0,,0.00000,0.00000,0,
0,Drive View,153,2.51345,790783665664,0.70826,0.33041,2.46414,0.04931,9,1,0.72134,0.32317,1,0.79688,0.00195,0,,0.42109,0.45576,19.48027,1.66254,1,0.78305,0.41880,19.69411,1.67834,1,0,0.00000,19,4.86716,1,5.39208,1,0.00000,0,0,0,0,0,0,1,1,0,0.00000,0,,0.00000,0.00000,0,
0,Drive View,154,2.53053,790783836465,0.71074,0.32980,2.46414,0.06639,9,1,0.72067,0.32737,1,0.79688,0.00195,1,,0.42131,0.45687,19.49156,1.66484,1,0.78326,0.41952,19.22551,1.66484,1,0,0.00000,19,4.91438,1,5.44128,1,0.00000,0,0,0,0,0,0,1,1,0,0.00000,0,,0.00000,0.00000,0,
0,Drive View,155,2.54642,790783995336,0.71119,0.32910,2.46414,0.08228,9,1,0.71346,0.32557,1,0.79688,0.00195,0,,0.42185,0.45794,19.69538,1.65135,1,0.78379,0.42093,19.56731,1.63555,1,0,0.00000,19,4.87705,1,5.36510,1,0.00000,0,0,0,0,0,0,1,1,0,0.00000,0,,0.00000,0.00000,0,
0,Drive View,156,2.56269,790784158067,0.71268,0.33167,2.46414,0.09855,9,1,0.72157,0.34708,1,0.79688,0.00195,0,,0.42239,0.45762,19.66777,1.62206,1,0.78418,0.42105,20.00287,1.60627,1,0,0.00000,19,4.88253,1,5.48788,1,0.00000,0,0,0,0,0,0,1,1,0,0.00000,0,,0.00000,0.00000,0,
0,Drive View,157,2.57920,790784323122,0.71378,0.33361,2.46414,0.11506,9,1,0.72154,0.34724,1,0.79688,0.00195,0,,0.42348,0.45685,19.73289,1.62183,1,0.78446,0.42038,20.26177,1.60604,1,0,0.00000,19,5.06395,1,5.49071,1,0.00000,0,0,0,0,0,0,1,1,0,0.00000,0,,0.00000,0.00000,0,
0,Drive View,158,2.59555,790784486629,0.72502,0.30498,2.46414,0.13141,9,1,0.81489,0.07591,1,0.79688,0.00195,0,,0.42647,0.45461,20.13248,1.63510,1,0.78630,0.41871,21.24138,1.63510,1,0,0.00000,19,4.99547,1,5.28384,1,0.00000,0,0,0,0,0,0,1,1,0,0.00000,0,,0.00000,0.00000,0,
0,Drive View,159,2.61203,790784651384,0.73747,0.28059,2.46414,0.14788,9,1,0.84952,0.06105,1,0.79688,0.00195,3,,0.42643,0.45426,19.67308,1.66416,1,0.78659,0.41891,21.39049,1.66416,1,0,0.00000,19,5.01434,1,5.36124,1,0.00000,0,0,0,0,0,0,1,1,0,0.00000,0,,0.00000,0.00000,0,
0,Drive View,160,2.62848,790784815956,0.74815,0.25838,2.46414,0.16434,9,1,0.85500,0.03631,1,0.80156,0.00000,0,,0.42719,0.45415,20.74519,1.69322,1,0.78713,0.41929,21.77515,1.69322,1,0,0.00000,19,4.86673,1,5.31980,1,0.00000,0,0,0,0,0,0,1,1,0,0.00000,0,,0.00000,0.00000,0,
0,Drive View,161,2.64573,790784988399,0.74792,0.24698,2.46414,0.18159,9,1,0.74535,0.12160,1,0.80156,0.00000,0,,0.42765,0.45359,19.76301,1.69322,1,0.78802,0.41823,20.78051,1.69322,1,0,0.00000,19,4.86058,1,5.43223,1,0.00000,0,0,0,0,0,0,1,1,0,0.00000,0,,0.00000,0.00000,0,
0,Drive View,162,2.66136,790785144784,0.75260,0.23311,2.46414,0.19722,9,1,0.80875,0.06664,1,0.82500,0.00000,0,,0.42801,0.45345,19.69555,1.69322,1,0.78834,0.41830,20.82325,1.69322,1,0,0.00000,19,5.02281,1,5.39022,1,0.00000,0,0,0,0,0,0,1,1,0,0.00000,0,,0.00000,0.00000,0,
0,Drive View,163,2.67765,790785307668,0.75606,0.22405,2.46414,0.21351,9,1,0.80104,0.10626,1,0.82500,0.00000,0,,0.42874,0.45295,20.38124,1.66416,1,0.78922,0.41802,20.86019,1.62792,1,0,0.00000,19,4.81836,1,5.29373,1,0.00000,0,0,0,0,0,0,1,1,0,0.00000,0,,302.41895,52.03972,0,
0,Drive View,164,2.69439,790785475039,0.77355,0.19002,2.46414,0.21351,9,0,0.80947,0.14207,1,0.85469,0.00000,0,,0.42988,0.45287,19.72889,1.59886,1,0.79010,0.41964,21.08229,1.56262,1,0,0.00000,19,4.85213,1,5.34606,1,0.00000,0,0,0,0,0,0,1,1,0,0.00000,0,,0.00000,0.00000,0,
0,Drive View,165,2.71056,790785636735,0.78723,0.18259,2.46414,0.21351,9,0,0.80091,0.17516,1,0.85469,0.00000,0,,0.43011,0.45274,20.38265,1.53356,1,0.79087,0.41985,21.54483,1.49732,1,0,0.00000,19,4.80889,1,5.17690,1,0.00000,0,0,0,0,0,0,1,1,0,0.00000,0,,0.00000,0.00000,0,
0,Drive View,166,2.72719,790785803039,0.78790,0.19694,2.46414,0.21351,9,0,0.78923,0.22564,1,0.86641,0.00000,0,,0.43110,0.45271,20.32157,1.46826,1,0.79143,0.41973,20.56436,1.44259,1,0,0.00000,19,4.90969,1,5.41092,1,0.00000,0,0,0,0,0,0,1,1,0,0.00000,0,,0.00000,0.00000,0,
0,Drive View,167,2.74555,790785986587,0.78456,0.21135,2.69439,0.05116,10,1,0.77456,0.25458,1,0.86641,0.00000,0,,0.43223,0.45368,20.07832,1.44259,1,0.79292,0.42096,20.98025,1.45316,1,0,0.00000,19,4.87721,1,5.32325,1,0.00000,0,0,0,0,0,0,1,1,0,0.00000,0,,0.00000,0.00000,0,
0,Drive View,168,2.76009,790786131962,0.78344,0.22144,2.69439,0.06569,10,1,0.77897,0.26178,1,0.88437,0.00000,0,,0.43248,0.45320,19.40947,1.45316,1,0.79352,0.42189,21.51170,1.46373,1,0,0.00000,19,5.37142,1,5.45068,1,0.00000,0,0,0,0,0,0,1,1,0,0.00000,0,,0.00000,0.00000,0,
0,Drive View,169,2.77656,790786296715,0.78470,0.21944,2.69439,0.08216,10,1,0.79097,0.20944,1,0.88437,0.00000,0,,0.43471,0.45321,19.37679,1.51095,1,0.79522,0.42135,19.81111,1.53350,1,0,0.00000,19,5.26433,1,5.59614,1,0.00000,0,0,0,0,0,0,1,1,0,0.00000,0,,0.00000,0.00000,0,
0,Drive View,170,2.79272,790786458370,0.81342,0.18466,2.69439,0.09833,10,1,0.98575,-0.02404,1,0.88516,0.00000,1,,0.43961,0.45256,17.04166,1.58072,1,0.79977,0.42238,17.89231,1.59270,1,0,0.00000,19,5.35296,1,5.74262,1,0.00000,0,0,0,0,0,0,1,1,0,0.00000,0,,0.00000,0.00000,0,
0,Drive View,171,2.80914,790786622522,0.83896,0.15189,2.69439,0.11475,10,1,1.01772,-0.07748,1,0.88516,0.00000,0,,0.44012,0.45281,16.85133,1.63992,1,0.80080,0.42260,17.20566,1.65190,1,0,0.00000,19,5.53565,1,6.08737,1,0.00000,0,0,0,0,0,0,1,1,0,0.00000,0,,0.00000,0.00000,0,
0,Drive View,172,2.82579,790786788974,0.86042,0.12047,2.69439,0.13139,10,1,1.03212,-0.13092,1,0.88516,0.00000,0,,0.44163,0.45524,19.81292,1.69912,1,0.80217,0.42482,20.29601,1.71110,1,0,0.00000,19,5.20257,1,5.29321,1,0.00000,0,0,0,0,0,0,1,1,0,0.00000,0,,0.00000,0.00000,0,
0,Drive View,173,2.84214,790786952551,0.87578,0.10029,2.69439,0.14775,10,1,1.01408,-0.08132,1,0.88516,0.00000,0,,0.44313,0.45559,19.88816,1.71110,1,0.80338,0.42610,20.73509,1.71110,1,0,0.00000,19,4.98601,1,5.24069,1,0.00000,0,0,0,0,0,0,1,1,0,0.00000,0,,0.00000,0.00000,0,
0,Drive View,174,2.85956,790787126750,0.88946,0.07708,2.69439,0.16517,10,1,1.02623,-0.15494,1,0.88594,0.00000,3,,0.44376,0.45587,19.87224,1.71110,1,0.80394,0.42605,20.85517,1.71110,1,0,0.00000,19,5.12509,1,5.22982,1,0.00000,0,0,0,0,0,0,1,1,0,0.00000,0,,0.00000,0.00000,0,
0,Drive View,175,2.87495,790787280654,0.90086,0.05775,2.69439,0.18056,10,1,1.02623,-0.15494,1,0.88594,0.00000,0,,0.44410,0.45588,19.68054,1.71110,1,0.80473,0.42589,20.77437,1.71110,1,0,0.00000,19,5.36245,1,5.23469,1,0.00000,0,0,0,0,0,0,1,1,0,0.00000,0,,0.00000,0.00000,0,
0,Drive View,176,2.89133,790787444458,0.90918,0.04614,2.69439,0.19694,10,1,1.00907,-0.09317,1,0.89609,0.00000,0,,0.44590,0.45522,19.97063,1.71110,1,0.80602,0.42548,21.33568,1.71110,1,0,0.00000,19,4.98393,1,5.24638,1,0.00000,0,0,0,0,0,0,1,1,0,0.00000,0,,267.58728,42.90807,0,
0,Drive View,177,2.90785,790787609608,0.93162,0.01234,2.69439,0.19694,10,0,0.93447,-0.08656,1,0.89609,0.00000,0,,0.44635,0.45352,19.69762,1.71110,1,0.80679,0.42467,20.98835,1.71110,1,0,0.00000,19,5.20230,1,5.28517,1,0.00000,0,0,0,0,0,0,1,1,0,0.00000,0,,0.00000,0.00000,0,
0,Drive View,178,2.92423,790787773433,0.93304,-0.03711,2.69439,0.19694,10,0,0.93447,-0.08656,1,0.91797,0.00098,0,,0.44710,0.45261,19.34052,1.71110,1,0.80778,0.42343,20.96844,1.71110,1,0,0.00000,19,5.12678,1,5.29318,1,0.00000,0,0,0,0,0,0,1,1,0,0.00000,0,,0.00000,0.00000,0,
0,Drive View,179,2.94057,790787936798,0.94459,-0.07138,2.69439,0.19694,10,0,0.96769,-0.13992,1,0.92344,0.00488,0,,0.44839,0.45146,20.03225,1.71110,1,0.80871,0.42337,21.03844,1.71110,1,0,0.00000,19,4.89593,1,5.21748,1,0.00000,0,0,0,0,0,0,1,1,0,0.00000,0,,0.00000,0.00000,0,
0,Drive View,180,2.95694,790788100551,0.92855,-0.04677,2.90785,0.04910,11,1,0.88045,0.02708,1,0.92344,0.00488,0,,0.44769,0.45228,19.76470,1.71110,1,0.80794,0.42465,22.13780,1.71110,1,0,0.00000,19,5.06662,1,5.20109,1,0.00000,0,0,0,0,0,0,1,1,0,0.00000,0,,0.00000,0.00000,0,
0,Drive View,181,2.97379,790788269024,0.91706,-0.02399,2.90785,0.06594,11,1,0.87109,0.06711,1,0.92344,0.00488,0,,0.44770,0.45262,19.88198,1.66388,1,0.80796,0.42408,20.07361,1.66388,1,0,0.00000,19,5.11119,1,5.35291,1,0.00000,0,0,0,0,0,0,1,1,0,0.00000,0,,0.00000,0.00000,0,
0,Drive View,182,2.99006,790788431724,0.90693,0.00192,2.90785,0.08221,11,1,0.85626,0.13146,1,0.92422,0.00586,0,,0.44817,0.45326,20.05298,1.61666,1,0.80841,0.42502,21.09717,1.61666,1,0,0.00000,19,4.89721,1,5.18786,1,0.00000,0,0,0,0,0,0,1,1,0,0.00000,0,,0.00000,0.00000,0,
0,Drive View,183,3.00628,790788593960,0.90034,0.02630,2.90785,0.09843,11,1,0.86078,0.17259,1,0.92578,0.01074,0,,0.44820,0.45436,20.67105,1.56944,1,0.80872,0.42538,20.95942,1.56944,1,0,0.00000,19,5.00572,1,5.22377,1,0.00000,0,0,0,0,0,0,1,1,0,0.00000,0,,0.00000,0.00000,0,
0,Drive View,184,3.02297,790788760855,0.89364,0.05129,2.90785,0.11512,11,1,0.84679,0.22622,1,0.92578,0.01074,0,,0.44833,0.45429,19.76208,1.51041,1,0.80886,0.42589,20.70519,1.49843,1,0,0.00000,19,4.97655,1,5.39447,1,0.00000,0,0,0,0,0,0,1,1,0,0.00000,0,,0.00000,0.00000,0,
0,Drive View,185,3.03953,790788926467,0.88990,0.07713,2.90785,0.13169,11,1,0.86000,0.28381,1,0.92734,0.01660,0,,0.44893,0.45845,20.92687,1.48662,1,0.80983,0.42939,21.40516,1.47465,1,0,0.00000,19,5.09173,1,5.54218,1,0.00000,0,0,0,0,0,0,1,1,0,0.00000,0,,0.00000,0.00000,0,
0,Drive View,186,3.05581,790789089197,0.89380,0.02459,2.90785,0.14796,11,1,0.92889,-0.44821,1,0.92734,0.01660,1,,0.45091,0.43977,26.53065,1.46284,1,0.80951,0.43462,21.72131,1.45086,1,0,0.00000,19,9.74080,1,6.46605,1,0.00000,0,0,0,0,0,0,1,1,0,0.00000,0,,0.00000,0.00000,0,
0,Drive View,187,3.07251,790789256162,0.90966,-0.10445,2.90785,0.16466,11,1,1.06819,-1.39484,1,0.92734,0.01660,0,,0.44531,0.48286,24.03100,1.43905,1,0.80951,0.43462,21.72131,1.42708,0,0,0.00000,19,9.28271,1,6.46605,0,0.00000,0,0,0,0,0,0,1,1,0,0.00000,0,,0.00000,0.00000,0,
0,Drive View,188,3.08860,790789417091,0.90966,-0.10445,2.90785,0.18075,11,1,1.06819,-1.39484,0,0.92813,0.01855,0,,0.44531,0.48286,24.03100,1.42708,0,0.80951,0.43462,21.72131,1.42708,0,0,0.00000,19,9.28271,0,6.46605,0,0.00000,0,0,0,0,0,0,1,1,0,0.00000,0,,0.00000,0.00000,0,
0,Drive View,189,3.10502,790789581350,0.90966,-0.10445,2.90785,0.19717,11,1,1.06819,-1.39484,0,0.92813,0.01855,3,,0.44531,0.48286,24.03100,1.42708,0,0.80951,0.43462,21.72131,1.42708,0,0,0.00000,19,9.28271,0,6.46605,0,0.00000,0,0,0,0,0,0,1,1,0,0.00000,0,,0.00000,0.00000,0,
0,Drive View,190,3.12130,790789744092,0.90966,-0.10445,2.90785,0.21345,11,1,1.06819,-1.39484,0,0.92813,0.01855,0,,0.44531,0.48286,24.03100,1.42708,0,0.80951,0.43462,21.72131,1.42708,0,20,0.00000,19,9.28271,0,6.46605,0,0.00000,0,0,0,0,0,0,1,1,0,0.00000,0,,154.20538,89.77172,0,
0,Drive View,191,3.13772,790789908304,0.90746,-0.11613,2.90785,0.21345,11,0,1.06819,-1.39484,0,0.92813,0.01855,0,,0.44531,0.48286,24.03100,1.42708,0,0.80951,0.43462,21.72131,1.42708,0,20,0.00000,19,9.28271,0,6.46605,0,0.00000,0,0,0,0,0,0,1,1,0,0.00000,0,,0.00000,0.00000,0,
0,Drive View,192,3.15415,790790072660,0.90746,-0.11613,2.90785,0.21345,11,0,1.06819,-1.39484,0,0.92813,0.01855,0,,0.44531,0.48286,24.03100,1.42708,0,0.80951,0.43462,21.72131,1.42708,0,20,0.00000,19,9.28271,0,6.46605,0,0.00000,0,0,0,0,0,0,1,1,0,0.00000,0,,0.00000,0.00000,0,
0,Drive View,193,3.17063,790790237435,0.90746,-0.11613,2.90785,0.21345,11,0,1.06819,-1.39484,0,0.92813,0.01855,0,,0.44531,0.48286,24.03100,1.42708,0,0.80951,0.43462,21.72131,1.42708,0,20,0.00000,19,9.28271,0,6.46605,0,0.00000,0,0,0,0,0,0,1,1,0,0.00000,0,,0.00000,0.00000,0,
0,Drive View,194,3.18796,790790410679,0.00000,0.00000,2.90785,0.21345,11,0,1.06819,-1.39484,0,0.92813,0.02051,0,,0.44531,0.48286,24.03100,1.42708,0,0.80951,0.43462,21.72131,1.42708,0,20,0.00000,19,9.28271,0,6.46605,0,0.00000,0,0,0,0,0,0,1,1,0,0.00000,0,,0.00000,0.00000,0,
0,Drive View,195,3.20347,790790565817,0.35373,0.47047,2.90785,0.21345,11,0,0.70745,0.94095,1,0.92813,0.02051,0,,0.44687,0.51415,25.46878,1.42708,1,0.80951,0.43462,21.72131,1.42708,0,0,0.08217,20,11.86471,1,6.46605,0,0.00000,0,0,0,0,0,0,1,1,0,0.00000,0,,0.00000,0.00000,0,
0,Drive View,196,3.22003,790790731468,0.47164,0.62730,2.90785,0.21345,11,0,0.70745,0.94095,1,0.92813,0.02051,0,,0.44338,0.54060,25.04248,1.42708,1,0.80951,0.43462,21.72131,1.42708,0,0,0.00000,20,8.42191,1,6.46605,0,0.00000,0,0,0,0,0,0,1,1,0,0.00000,0,,0.00000,0.00000,0,
0,Drive View,197,3.23638,790790894924,0.69475,0.83514,2.90785,0.21345,11,0,0.66934,0.62353,1,0.92734,0.02246,0,,0.44487,0.53338,27.69959,1.42708,1,0.80951,0.43462,21.72131,1.42708,0,0,0.00000,20,12.15725,1,6.46605,0,0.00000,0,0,0,0,0,0,1,1,0,0.00000,0,,0.00000,0.00000,0,
0,Drive View,198,3.25293,790791060366,0.69475,0.83514,2.90785,0.21345,11,0,0.66934,0.62353,0,0.92734,0.02246,0,,0.44487,0.53338,27.69959,1.42708,0,0.80951,0.43462,21.72131,1.42708,0,0,0.00000,20,12.15725,0,6.46605,0,0.00000,0,0,0,0,0,0,1,1,0,0.00000,0,,0.00000,0.00000,0,
0,Drive View,199,3.26930,790791224090,0.69475,0.83514,2.90785,0.21345,11,0,0.66934,0.62353,0,0.92734,0.02246,0,,0.44487,0.53338,27.69959,1.42708,0,0.80951,0.43462,21.72131,1.42708,0,0,0.00000,20,12.15725,0,6.46605,0,0.00000,0,0,0,0,0,0,1,1,0,0.00000,0,,0.00000,0.00000,0,
0,Drive View,200,3.28571,790791388243,0.00000,0.00000,2.90785,0.21345,11,0,0.66934,0.62353,0,0.92734,0.02246,0,,0.44487,0.53338,27.69959,1.42708,0,0.80951,0.43462,21.72131,1.42708,0,0,0.00000,20,12.15725,0,6.46605,0,0.00000,0,0,0,0,0,0,1,1,0,0.00000,0,,0.00000,0.00000,0,
0,Drive View,201,3.30208,790791551941,0.00000,0.00000,2.90785,0.21345,11,0,0.66934,0.62353,0,0.92734,0.02246,0,,0.44487,0.53338,27.69959,1.42708,0,0.80951,0.43462,21.72131,1.42708,0,0,0.00000,20,12.15725,0,6.46605,0,0.00000,0,0,0,0,0,0,1,1,0,0.00000,0,,0.00000,0.00000,0,
0,Drive View,202,3.31844,790791715542,0.00000,0.00000,2.90785,0.21345,11,0,0.66934,0.62353,0,0.92734,0.02246,0,,0.44487,0.53338,27.69959,1.42708,0,0.80951,0.43462,21.72131,1.42708,0,0,0.00000,20,12.15725,0,6.46605,0,0.00000,0,0,0,0,0,0,1,1,0,0.00000,0,,0.00000,0.00000,0,
0,Drive View,203,3.33505,790791881631,0.00000,0.00000,2.90785,0.21345,11,0,0.66934,0.62353,0,0.92734,0.02246,0,,0.44487,0.53338,27.69959,1.42708,0,0.80951,0.43462,21.72131,1.42708,0,0,0.00000,20,12.15725,0,6.46605,0,0.00000,0,0,0,0,0,0,1,1,0,0.00000,0,,0.00000,0.00000,0,
0,Drive View,204,3.35152,790792046268,0.00000,0.00000,2.90785,0.21345,11,0,0.66934,0.62353,0,0.92734,0.02246,0,,0.44487,0.53338,27.69959,1.42708,0,0.80951,0.43462,21.72131,1.42708,0,0,0.00000,20,12.15725,0,6.46605,0,0.00000,0,0,0,0,0,0,1,1,0,0.00000,0,,0.00000,0.00000,0,
0,Drive View,205,3.36793,790792210423,0.00000,0.00000,2.90785,0.21345,11,0,0.66934,0.62353,0,0.92734,0.02246,0,,0.44487,0.53338,27.69959,1.42708,0,0.80951,0.43462,21.72131,1.42708,0,0,0.00000,20,12.15725,0,6.46605,0,0.00000,0,0,0,0,0,0,1,1,0,0.00000,0,,0.00000,0.00000,0,
0,Drive View,206,3.38416,790792372749,0.00000,0.00000,2.90785,0.21345,11,0,0.66934,0.62353,0,0.92734,0.02246,0,,0.44487,0.53338,27.69959,1.42708,0,0.80951,0.43462,21.72131,1.42708,0,0,0.00000,20,12.15725,0,6.46605,0,0.00000,0,0,0,0,0,0,1,1,0,0.00000,0,,0.00000,0.00000,0,
0,Drive View,207,3.40333,790792564407,0.00000,0.00000,2.90785,0.21345,11,0,0.66934,0.62353,0,0.92734,0.02246,0,,0.44487,0.53338,27.69959,1.42708,0,0.80951,0.43462,21.72131,1.42708,0,0,0.00000,20,12.15725,0,6.46605,0,0.00000,0,0,0,0,0,0,1,1,0,0.00000,0,,0.00000,0.00000,0,
0,Drive View,208,3.41696,790792700696,0.00000,0.00000,2.90785,0.21345,11,0,0.66934,0.62353,0,0.92734,0.02246,0,,0.44487,0.53338,27.69959,1.42708,0,0.80951,0.43462,21.72131,1.42708,0,0,0.00000,20,12.15725,0,6.46605,0,0.00000,0,0,0,0,0,0,1,1,0,0.00000,0,,0.00000,0.00000,0,
0,Drive View,209,3.43356,790792866728,0.00000,0.00000,2.90785,0.21345,11,0,0.66934,0.62353,0,0.92734,0.02246,0,,0.44487,0.53338,27.69959,1.42708,0,0.80951,0.43462,21.72131,1.42708,0,0,0.00000,20,12.15725,0,6.46605,0,0.00000,0,0,0,0,0,0,1,1,0,0.00000,0,,0.00000,0.00000,0,
0,Drive View,210,3.44999,790793031032,0.00000,0.00000,2.90785,0.21345,11,0,0.66934,0.62353,0,0.92734,0.02246,0,,0.44487,0.53338,27.69959,1.42708,0,0.80951,0.43462,21.72131,1.42708,0,0,0.00000,20,12.15725,0,6.46605,0,0.00000,0,0,0,0,0,0,1,1,0,0.00000,0,,0.00000,0.00000,0,
0,Drive View,211,3.46649,790793196070,0.33467,0.31176,2.90785,0.21345,11,0,0.66934,0.62353,1,0.92734,0.02246,0,,0.84696,0.60503,20.86138,1.42708,1,0.80951,0.43462,21.72131,1.42708,0,0,0.00000,20,5.72246,1,6.46605,0,0.00000,0,0,0,0,0,0,1,1,0,0.00000,0,,0.00000,0.00000,0,
0,Drive View,212,3.48289,790793360033,0.66934,0.62353,2.90785,0.21345,11,0,0.66934,0.62353,0,0.92734,0.02246,0,,0.84696,0.60503,20.86138,1.42708,0,0.80951,0.43462,21.72131,1.42708,0,0,0.00000,20,5.72246,0,6.46605,0,0.00000,0,0,0,0,0,0,1,1,0,0.00000,0,,0.00000,0.00000,0,
0,Drive View,213,3.49939,790793525004,0.66934,0.62353,2.90785,0.21345,11,0,0.66934,0.62353,0,0.92734,0.02246,0,,0.84696,0.60503,20.86138,1.42708,0,0.80951,0.43462,21.72131,1.42708,0,0,0.00000,20,5.72246,0,6.46605,0,0.00000,0,0,0,0,0,0,1,1,0,0.00000,0,,0.00000,0.00000,0,
0,Drive View,214,3.51558,790793686944,0.69717,0.60981,2.90785,0.21345,11,0,0.72500,0.59610,1,0.92734,0.02246,0,,0.48869,0.61258,20.59040,1.42708,1,0.85743,0.60849,20.40791,1.42708,1,0,0.00000,20,5.30025,1,5.62960,1,0.00000,0,0,0,0,0,0,1,1,0,0.00000,0,,0.00000,0.00000,0,
0,Drive View,215,3.53205,790793851678,0.73154,1.11641,2.90785,0.21345,11,0,0.73808,1.63671,1,0.92734,0.02246,0,,0.49214,0.61335,21.37853,1.42708,1,0.86153,0.61002,21.60276,1.42708,1,0,0.00000,20,5.33206,1,5.88825,1,0.00000,0,0,0,0,0,0,1,1,0,0.00000,0,,0.00000,0.00000,0,
0,Drive View,216,3.54861,790794017183,0.75227,1.35388,2.90785,0.21345,11,0,0.77300,1.59135,1,0.92734,0.02246,0,,0.49376,0.61365,22.00129,1.42708,1,0.86394,0.61160,20.77629,1.42708,1,0,0.00000,20,5.65232,1,6.33797,1,0.00000,0,0,0,0,0,0,1,1,0,0.00000,0,,0.00000,0.00000,0,
0,Drive View,217,3.56516,790794182736,0.75918,1.43303,2.90785,0.21345,11,0,0.77300,1.59135,1,0.92734,0.02246,0,,0.49762,0.61515,21.01615,1.42708,1,0.86592,0.61389,19.92612,1.42708,1,0,0.00000,20,5.40682,1,5.95423,1,0.00000,0,0,0,0,0,0,1,1,0,0.00000,0,,0.00000,0.00000,0,
0,Drive View,218,3.58187,790794349794,0.80643,1.66430,2.90785,0.21345,11,0,0.87328,1.81021,1,0.92734,0.02246,0,,0.50001,0.61490,20.94493,1.42708,1,0.86906,0.61329,21.15841,1.42708,1,0,0.00000,20,5.29903,1,5.95663,1,0.00000,0,0,0,0,0,0,1,1,0,0.00000,0,,0.00000,0.00000,0,
0,Drive View,219,3.59795,790794510566,0.83479,1.76438,2.90785,0.21345,11,0,0.86315,1.86446,1,0.92734,0.02246,0,,0.50110,0.61478,20.59091,1.42708,1,0.87052,0.61354,20.46374,1.42708,1,0,0.00000,20,5.55865,1,6.36489,1,0.00000,0,0,0,0,0,0,1,1,0,0.00000,0,,0.00000,0.00000,0,
0,Drive View,220,3.61423,790794673468,0.84424,1.79774,2.90785,0.21345,11,0,0.86315,1.86446,1,0.92734,0.02246,0,,0.50372,0.61313,21.71999,1.42708,1,0.87269,0.61405,20.63827,1.42708,1,0,0.00000,20,5.29344,1,5.95991,1,0.00000,0,0,0,0,0,0,1,1,0,0.00000,0,,0.00000,0.00000,0,
0,Drive View,221,3.63089,790794840049,0.86808,1.82455,2.90785,0.21345,11,0,0.87793,1.74471,1,0.92734,0.02246,0,,0.50493,0.61256,21.21608,1.42708,1,0.87415,0.61275,21.40211,1.42708,1,0,0.00000,20,5.33580,1,5.75845,1,0.00000,0,0,0,0,0,0,1,1,0,0.00000,0,,0.00000,0.00000,0,
0,Drive View,222,3.64717,790795002808,0.84024,1.73297,2.90785,0.21345,11,0,0.81241,1.64139,1,0.92734,0.02246,0,,0.50561,0.61117,20.45094,1.42708,1,0.87433,0.61167,21.36972,1.42708,1,0,0.00000,20,5.52807,1,5.63622,1,0.00000,0,0,0,0,0,0,1,1,0,0.00000,0,,0.00000,0.00000,0,
0,Drive View,223,3.66347,790795165792,0.83097,1.70244,2.90785,0.21345,11,0,0.81241,1.64139,1,0.92734,0.02246,0,,0.50544,0.61316,16.48406,1.42708,1,0.87443,0.61175,18.43449,1.42708,1,0,0.00000,20,5.39535,1,5.76923,1,0.00000,0,0,0,0,0,0,1,1,0,0.00000,0,,0.00000,0.00000,0,
0,Drive View,224,3.67995,790795330598,0.81241,1.64139,2.90785,0.21345,11,0,0.81241,1.64139,0,0.92734,0.02246,0,,0.50544,0.61316,16.48406,1.42708,0,0.87443,0.61175,18.43449,1.42708,0,0,0.00000,20,5.39535,0,5.76923,0,0.00000,0,0,0,0,0,0,1,1,0,0.00000,0,,0.00000,0.00000,0,
0,Drive View,225,3.69628,790795493965,0.81241,1.64139,2.90785,0.21345,11,0,0.81241,1.64139,0,0.92734,0.02246,0,,0.50544,0.61316,16.48406,1.42708,0,0.87443,0.61175,18.43449,1.42708,0,0,0.00000,20,5.39535,0,5.76923,0,0.00000,0,0,0,0,0,0,1,1,0,0.00000,0,,0.00000,0.00000,0,
0,Drive View,226,3.71294,790795660469,0.81241,1.64139,2.90785,0.21345,11,0,0.81241,1.64139,0,0.92734,0.02246,0,,0.50544,0.61316,16.48406,1.42708,0,0.87443,0.61175,18.43449,1.42708,0,0,0.00000,20,5.39535,0,5.76923,0,0.00000,0,0,0,0,0,0,1,1,0,0.00000,0,,0.00000,0.00000,0,
0,Drive View,227,3.73423,790795873466,0.00000,0.00000,2.90785,0.21345,11,0,0.81241,1.64139,0,0.92734,0.02246,0,,0.50544,0.61316,16.48406,1.42708,0,0.87443,0.61175,18.43449,1.42708,0,0,0.00000,20,5.39535,0,5.76923,0,0.00000,0,0,0,0,0,0,1,1,0,0.00000,0,,0.00000,0.00000,0,
0,Drive View,228,3.74645,790795995593,0.00000,0.00000,2.90785,0.21345,11,0,0.81241,1.64139,0,0.92734,0.02246,0,,0.50544,0.61316,16.48406,1.42708,0,0.87443,0.61175,18.43449,1.42708,0,0,0.00000,20,5.39535,0,5.76923,0,0.00000,0,0,0,0,0,0,1,1,0,0.00000,0,,0.00000,0.00000,0,
0,Drive View,229,3.76207,790796151764,0.00000,0.00000,2.90785,0.21345,11,0,0.81241,1.64139,0,0.92734,0.02246,0,,0.50544,0.61316,16.48406,1.42708,0,0.87443,0.61175,18.43449,1.42708,0,0,0.00000,20,5.39535,0,5.76923,0,0.00000,0,0,0,0,0,0,1,1,0,0.00000,0,,0.00000,0.00000,0,
0,Drive View,230,3.77837,790796314856,0.00000,0.00000,2.90785,0.21345,11,0,0.81241,1.64139,0,0.92734,0.02246,0,,0.50544,0.61316,16.48406,1.42708,0,0.87443,0.61175,18.43449,1.42708,0,0,0.00000,20,5.39535,0,5.76923,0,0.00000,0,0,0,0,0,0,1,1,0,0.00000,0,,0.00000,0.00000,0,
0,Drive View,231,3.79487,790796479819,0.00000,0.00000,2.90785,0.21345,11,0,0.81241,1.64139,0,0.92734,0.02246,0,,0.50544,0.61316,16.48406,1.42708,0,0.87443,0.61175,18.43449,1.42708,0,0,0.00000,20,5.39535,0,5.76923,0,0.00000,0,0,0,0,0,0,1,1,0,0.00000,0,,0.00000,0.00000,0,
0,Drive View,232,3.81126,790796643765,0.00000,0.00000,2.90785,0.21345,11,0,0.81241,1.64139,0,0.92734,0.02246,0,,0.50544,0.61316,16.48406,1.42708,0,0.87443,0.61175,18.43449,1.42708,0,0,0.00000,20,5.39535,0,5.76923,0,0.00000,0,0,0,0,0,0,1,1,0,0.00000,0,,0.00000,0.00000,0,
0,Drive View,233,3.82790,790796810140,0.00000,0.00000,2.90785,0.21345,11,0,0.81241,1.64139,0,0.92734,0.02246,0,,0.50544,0.61316,16.48406,1.42708,0,0.87443,0.61175,18.43449,1.42708,0,0,0.00000,20,5.39535,0,5.76923,0,0.00000,0,0,0,0,0,0,1,1,0,0.00000,0,,0.00000,0.00000,0,
0,Drive View,234,3.84526,790796983758,0.00000,0.00000,2.90785,0.21345,11,0,0.81241,1.64139,0,0.92734,0.02246,0,,0.50544,0.61316,16.48406,1.42708,0,0.87443,0.61175,18.43449,1.42708,0,0,0.00000,20,5.39535,0,5.76923,0,0.00000,0,0,0,0,0,0,1,1,0,0.00000,0,,0.00000,0.00000,0,
0,Drive View,235,3.86061,790797137270,0.00000,0.00000,2.90785,0.21345,11,0,0.81241,1.64139,0,0.92734,0.02246,0,,0.50544,0.61316,16.48406,1.42708,0,0.87443,0.61175,18.43449,1.42708,0,0,0.00000,20,5.39535,0,5.76923,0,0.00000,0,0,0,0,0,0,1,1,0,0.00000,0,,0.00000,0.00000,0,
0,Drive View,236,3.87698,790797300920,0.00000,0.00000,2.90785,0.21345,11,0,0.81241,1.64139,0,0.92734,0.02246,0,,0.50544,0.61316,16.48406,1.42708,0,0.87443,0.61175,18.43449,1.42708,0,0,0.00000,20,5.39535,0,5.76923,0,0.00000,0,0,0,0,0,0,1,1,0,0.00000,0,,0.00000,0.00000,0,
0,Drive View,237,3.89342,790797465337,0.00000,0.00000,2.90785,0.21345,11,0,0.81241,1.64139,0,0.92734,0.02246,0,,0.50544,0.61316,16.48406,1.42708,0,0.87443,0.61175,18.43449,1.42708,0,0,0.00000,20,5.39535,0,5.76923,0,0.00000,0,0,0,0,0,0,1,1,0,0.00000,0,,0.00000,0.00000,0,
0,Drive View,238,3.91101,790797641228,0.00000,0.00000,2.90785,0.21345,11,0,0.81241,1.64139,0,0.92734,0.02246,0,,0.50544,0.61316,16.48406,1.42708,0,0.87443,0.61175,18.43449,1.42708,0,0,0.00000,20,5.39535,0,5.76923,0,0.00000,0,0,0,0,0,0,1,1,0,0.00000,0,,0.00000,0.00000,0,
0,Drive View,239,3.92626,790797793762,0.00000,0.00000,2.90785,0.21345,11,0,0.81241,1.64139,0,0.92734,0.02246,0,,0.50544,0.61316,16.48406,1.42708,0,0.87443,0.61175,18.43449,1.42708,0,0,0.00000,20,5.39535,0,5.76923,0,0.00000,0,0,0,0,0,0,1,1,0,0.00000,0,,0.00000,0.00000,0,
0,Drive View,240,3.94279,790797959047,0.00000,0.00000,2.90785,0.21345,11,0,0.81241,1.64139,0,0.92734,0.02246,0,,0.50544,0.61316,16.48406,1.42708,0,0.87443,0.61175,18.43449,1.42708,0,0,0.00000,20,5.39535,0,5.76923,0,0.00000,0,0,0,0,0,0,1,1,0,0.00000,0,,0.00000,0.00000,0,
0,Drive View,241,3.95955,790798126602,0.41219,0.82219,2.90785,0.21345,11,0,0.82438,1.64437,1,0.92734,0.02246,0,,0.44442,0.51782,21.27286,1.45237,1,0.81004,0.49094,22.79057,1.47804,1,0,0.00000,20,5.54737,1,6.08770,1,0.00000,0,0,0,0,0,0,1,1,0,0.00000,0,,0.00000,0.00000,0,
0,Drive View,242,3.97585,790798289656,0.64927,1.14942,2.90785,0.21345,11,0,0.47416,0.65447,1,0.92734,0.02246,0,,0.44209,0.51803,21.31207,1.50334,1,0.80700,0.48947,23.15997,1.52901,1,0,0.00000,20,5.62713,1,6.10242,1,0.00000,0,0,0,0,0,0,1,1,0,0.00000,0,,0.00000,0.00000,0,
0,Drive View,243,3.99317,790798462876,0.56287,0.91015,2.90785,0.21345,11,0,0.47646,0.67088,1,0.92734,0.02246,0,,0.44129,0.51789,21.32013,1.55431,1,0.80617,0.48726,21.99450,1.57998,1,0,0.00000,20,5.70320,1,6.30112,1,0.00000,0,0,0,0,0,0,1,1,0,0.00000,0,,0.00000,0.00000,0,
0,Drive View,244,4.00840,790798615144,0.53439,0.82549,2.90785,0.21345,11,0,0.47745,0.65618,1,0.92734,0.02246,0,,0.44051,0.51750,21.45315,1.59178,1,0.80488,0.48703,23.62898,1.60376,1,0,0.00000,20,5.54200,1,6.11382,1,0.00000,0,0,0,0,0,0,1,1,0,0.00000,0,,0.00000,0.00000,0,
0,Drive View,245,4.02508,790798781932,0.48287,0.65754,2.90785,0.21345,11,0,0.49470,0.64556,1,0.92734,0.02246,0,,0.43881,0.51529,20.72854,1.59027,1,0.80273,0.48426,23.30861,1.57658,1,0,0.00000,20,5.52772,1,6.01436,1,0.00000,0,0,0,0,0,0,1,1,0,0.00000,0,,0.00000,0.00000,0,
0,Drive View,246,4.04192,790798950337,0.47900,0.65492,2.90785,0.21345,11,0,0.47514,0.65231,1,0.92734,0.02246,0,,0.43857,0.51424,21.21036,1.56309,1,0.80186,0.48182,23.11435,1.54940,1,0,0.00000,20,5.63889,1,6.13039,1,0.00000,0,0,0,0,0,0,1,1,0,0.00000,0,,0.00000,0.00000,0,
0,Drive View,247,4.05803,790799111431,0.47765,0.65502,2.90785,0.21345,11,0,0.47495,0.65521,1,0.92734,0.02246,0,,0.43896,0.51254,21.79425,1.54940,1,0.80194,0.47867,24.58648,1.54940,1,0,0.00000,20,5.76797,1,6.08392,1,0.00000,0,0,0,0,0,0,1,1,0,0.00000,0,,0.00000,0.00000,0,
0,Drive View,248,4.07430,790799274121,0.54218,0.54596,2.90785,0.21345,11,0,0.67645,0.33035,1,0.92734,0.02246,0,,0.44343,0.50460,21.19798,1.56289,1,0.80524,0.46984,23.57639,1.57658,1,0,0.00000,20,5.81404,1,6.04585,1,0.00000,0,0,0,0,0,0,1,1,0,0.00000,0,,0.00000,0.00000,0,
0,Drive View,249,4.09050,790799436085,0.61177,0.44520,2.90785,0.21345,11,0,0.68137,0.34444,1,0.92734,0.02246,0,,0.44354,0.50228,21.45050,1.59007,1,0.80548,0.46714,23.66555,1.60376,1,0,0.00000,20,5.89590,1,6.02766,1,0.00000,0,0,0,0,0,0,1,1,0,0.00000,0,,0.00000,0.00000,0,
0,Drive View,250,4.10707,790799601818,0.63614,0.40538,2.90785,0.21345,11,0,0.68488,0.32575,1,0.00000,0.00000,0,,0.44499,0.49866,20.92236,1.61725,1,0.80602,0.46498,22.94796,1.63094,1,0,0.00000,20,5.48994,1,5.94275,1,0.00000,0,0,0,0,0,0,1,1,0,0.00000,0,,0.00000,0.00000,0,
0,Drive View,251,4.12347,790799765860,0.68301,0.32378,2.90785,0.21345,11,0,0.68278,0.30113,1,0.00000,0.00000,0,,0.44554,0.49582,20.38188,1.63094,1,0.80652,0.46058,21.08367,1.63094,1,0,0.00000,20,5.34738,1,5.91514,1,0.00000,0,0,0,0,0,0,1,1,0,0.00000,0,,0.00000,0.00000,0,
0,Drive View,252,4.13990,790799930121,0.68733,0.31298,2.90785,0.21345,11,0,0.69165,0.30218,1,0.00000,0.00000,0,,0.44639,0.49441,20.31220,1.63094,1,0.80762,0.45882,20.64084,1.63094,1,0,0.00000,20,5.36559,1,5.92031,1,0.00000,0,0,0,0,0,0,1,1,0,0.00000,0,,0.00000,0.00000,0,
0,Drive View,253,4.15634,790800094560,0.68877,0.30938,2.90785,0.21345,11,0,0.69165,0.30218,1,0.00000,0.00000,0,,0.44727,0.49159,20.45159,1.63094,1,0.80848,0.45748,21.76875,1.63094,1,0,0.00000,20,5.33911,1,5.87066,1,0.00000,0,0,0,0,0,0,1,1,0,0.00000,0,,0.00000,0.00000,0,
0,Drive View,254,4.17292,790800260273,0.68866,0.30538,4.12347,0.04944,12,1,0.68832,0.29340,1,0.00000,0.00000,0,,0.44952,0.48926,19.36944,1.63094,1,0.81073,0.45390,19.93537,1.63094,1,0,0.00000,20,5.27147,1,5.78431,1,0.00000,0,0,0,0,0,0,1,1,0,0.00000,0,,0.00000,0.00000,0,
0,Drive View,255,4.18927,790800423788,0.68933,0.30145,4.12347,0.06579,12,1,0.69202,0.28572,1,0.00000,0.00000,0,,0.45096,0.48778,19.37524,1.63094,1,0.81252,0.45268,20.54454,1.63094,1,0,0.00000,20,5.48111,1,5.99639,1,0.00000,0,0,0,0,0,0,1,1,0,0.00000,0,,0.00000,0.00000,0,
0,Drive View,256,4.20594,790800590545,0.68978,0.29883,4.12347,0.08247,12,1,0.69202,0.28572,1,0.00000,0.00000,0,,0.45425,0.48451,19.85899,1.63094,1,0.81439,0.45118,22.33994,1.63094,1,0,0.00000,20,5.89381,1,6.09549,1,0.00000,0,0,0,0,0,0,1,1,0,0.00000,0,,0.00000,0.00000,0,
0,Drive View,257,4.22209,790800752071,0.71032,0.26861,4.12347,0.09862,12,1,0.83357,0.08728,1,0.00000,0.00000,0,,0.46211,0.47878,19.22395,1.63094,1,0.82109,0.44447,20.55707,1.63094,1,0,0.00000,20,5.83309,1,5.79254,1,0.00000,0,0,0,0,0,0,1,1,0,0.00000,0,,0.00000,0.00000,0,
0,Drive View,258,4.23841,790800915191,0.72415,0.23964,4.12347,0.11493,12,1,0.82095,0.03684,1,0.00000,0.00000,0,,0.46249,0.47610,19.60824,1.63094,1,0.82224,0.44272,20.46011,1.63094,1,0,0.00000,20,6.18792,1,6.25485,1,0.00000,0,0,0,0,0,0,1,1,0,0.00000,0,,0.00000,0.00000,0,
0,Drive View,259,4.25483,790801079395,0.73490,0.21710,4.12347,0.13136,12,1,0.82095,0.03684,1,0.00000,0.00000,0,,0.46634,0.47194,20.48770,1.63094,1,0.82484,0.44077,21.79653,1.63094,1,0,0.00000,20,5.21079,1,5.62320,1,0.00000,0,0,0,0,0,0,1,1,0,0.00000,0,,0.00000,0.00000,0,
0,Drive View,260,4.27157,790801246822,0.74796,0.19948,4.12347,0.14810,12,1,0.86550,0.04090,1,0.00000,0.00000,0,,0.46820,0.46896,20.22666,1.63094,1,0.82702,0.43796,20.64512,1.63094,1,0,0.00000,20,5.00056,1,5.50857,1,0.00000,0,0,0,0,0,0,1,1,0,0.00000,0,,0.00000,0.00000,0,
0,Drive View,261,4.28799,790801411002,0.75750,0.18609,4.12347,0.16451,12,1,0.85281,0.05215,1,0.00000,0.00000,0,,0.46893,0.46805,20.47785,1.63094,1,0.82780,0.43687,20.59491,1.63094,1,0,0.00000,20,4.95809,1,5.58388,1,0.00000,0,0,0,0,0,0,1,1,0,0.00000,0,,0.00000,0.00000,0,
0,Drive View,262,4.30424,790801573480,0.76511,0.17640,4.12347,0.18076,12,1,0.84890,0.06981,1,0.00000,0.00000,0,,0.46999,0.46610,20.19484,1.61745,1,0.82890,0.43553,20.45226,1.60376,1,0,0.00000,20,5.04850,1,5.53302,1,0.00000,0,0,0,0,0,0,1,1,0,0.00000,0,,0.00000,0.00000,0,
0,Drive View,263,4.32072,790801738380,0.77344,0.16906,4.12347,0.19725,12,1,0.87333,0.08097,1,0.00000,0.00000,0,,0.47103,0.46528,20.19766,1.59027,1,0.82962,0.43521,21.19918,1.57658,1,0,0.00000,20,5.02740,1,5.34801,1,0.00000,0,0,0,0,0,0,1,1,0,0.00000,0,,329.91446,238.09546,0,
0,Drive View,264,4.33706,790801901690,0.79522,0.13844,4.12347,0.19725,12,0,0.86256,0.08951,1,0.00000,0.00000,0,,0.47113,0.46502,20.25820,1.56309,1,0.83021,0.43399,20.60769,1.54940,1,0,0.00000,20,5.01135,1,5.35794,1,0.00000,0,0,0,0,0,0,1,1,0,0.00000,0,,0.00000,0.00000,0,
0,Drive View,265,4.35340,790802065143,0.82742,0.11998,4.12347,0.19725,12,0,0.85963,0.10151,1,0.00000,0.00000,0,,0.47120,0.46458,19.62476,1.54940,1,0.83054,0.43287,20.51649,1.53571,1,0,0.00000,20,5.32368,1,5.44003,1,0.00000,0,0,0,0,0,0,1,1,0,0.00000,0,,0.00000,0.00000,0,
0,Drive View,266,4.37014,790802232560,0.83816,0.11659,4.12347,0.19725,12,0,0.85964,0.10982,1,0.00000,0.00000,0,,0.47128,0.46306,20.09229,1.54920,1,0.83024,0.43027,20.15320,1.54920,1,0,0.00000,20,4.94567,1,5.41885,1,0.00000,0,0,0,0,0,0,1,1,0,0.00000,0,,0.00000,0.00000,0,
0,Drive View,267,4.38650,790802396131,0.84056,0.11236,4.33706,0.04944,13,1,0.84775,0.09965,1,0.00000,0.00000,0,,0.47099,0.46220,20.48790,1.56269,1,0.82994,0.42790,19.95454,1.56269,1,0,0.00000,20,4.85620,1,5.47584,1,0.00000,0,0,0,0,0,0,1,1,0,0.00000,0,,0.00000,0.00000,0,
0,Drive View,268,4.40320,790802563123,0.84280,0.10623,4.33706,0.06614,13,1,0.85174,0.08171,1,0.00000,0.00000,0,,0.46939,0.46132,19.89159,1.57618,1,0.82846,0.42642,20.05324,1.58987,1,0,0.00000,20,5.22264,1,5.63640,1,0.00000,0,0,0,0,0,0,1,1,0,0.00000,0,,0.00000,0.00000,0,
0,Drive View,269,4.42033,790802734471,0.80028,0.17219,4.33706,0.08327,13,1,0.58772,0.50199,1,0.00000,0.00000,0,,0.46440,0.46363,18.16365,1.58987,1,0.82149,0.42679,18.99651,1.60356,1,0,0.00000,20,6.01499,1,6.61627,1,0.00000,0,0,0,0,0,0,1,1,0,0.00000,0,,0.00000,0.00000,0,
0,Drive View,270,4.43564,790802887495,0.74799,0.24083,4.33706,0.09858,13,1,0.43420,0.65268,1,0.00000,0.00000,0,,0.46117,0.46489,17.58091,1.60356,1,0.81861,0.42759,19.48203,1.61725,1,0,0.00000,20,7.24635,1,7.90270,1,0.00000,0,0,0,0,0,0,1,1,0,0.00000,0,,80.38865,246.09442,0,
0,Drive View,271,4.45206,790803051721,0.69643,0.31333,4.33706,0.09858,13,0,0.43433,0.64591,1,0.00000,0.00000,0,,0.45412,0.46825,17.79990,1.61725,1,0.81213,0.42858,20.29111,1.63094,1,0,0.00000,20,4.91754,1,5.57132,1,0.00000,0,0,0,0,0,0,1,1,0,0.00000,0,,0.00000,0.00000,0,
0,Drive View,272,4.46897,790803220792,0.53621,0.51559,4.33706,0.09858,13,0,0.37598,0.71786,1,0.00000,0.00000,0,,0.45204,0.46824,18.01427,1.63094,1,0.81031,0.42468,19.38418,1.63094,1,0,0.00000,20,4.84275,1,5.46134,1,0.00000,0,0,0,0,0,0,1,1,0,0.00000,0,,0.00000,0.00000,0,
0,Drive View,273,4.48552,790803386325,0.49487,0.57304,4.33706,0.09858,13,0,0.41220,0.68794,1,0.00000,0.00000,0,,0.45172,0.46766,18.11608,1.63094,1,0.80973,0.42328,19.52388,1.63094,1,0,0.00000,20,4.95693,1,5.67417,1,0.00000,0,0,0,0,0,0,1,1,0,0.00000,0,,0.00000,0.00000,0,
0,Drive View,274,4.50189,790803550030,0.40013,0.69792,4.33706,0.09858,13,0,0.41220,0.68794,1,0.00000,0.00000,0,,0.45013,0.46733,18.41005,1.63094,1,0.80938,0.42221,20.34849,1.63094,1,0,0.00000,20,4.69718,1,5.30741,1,0.00000,0,0,0,0,0,0,1,1,0,0.00000,0,,0.00000,0.00000,0,
0,Drive View,275,4.51896,790803720726,0.39458,0.71227,4.33706,0.09858,13,0,0.38903,0.72662,1,0.00000,0.00000,0,,0.44851,0.46669,17.58346,1.63094,1,0.80800,0.41883,19.51618,1.63094,1,0,0.00000,20,4.83510,1,5.48959,1,0.00000,0,0,0,0,0,0,1,1,0,0.00000,0,,0.00000,0.00000,0,
0,Drive View,276,4.53419,790803873053,0.38986,0.71223,4.33706,0.09858,13,0,0.38042,0.71214,1,0.00000,0.00000,0,,0.44764,0.46690,17.62648,1.63094,1,0.80637,0.41852,19.61488,1.63094,1,0,0.00000,20,5.00532,1,5.64019,1,0.00000,0,0,0,0,0,0,1,1,0,0.00000,0,,0.00000,0.00000,0,
0,Drive View,277,4.55062,790804037321,0.38750,0.71221,4.50189,0.04873,14,1,0.38042,0.71214,1,0.00000,0.00000,0,,0.44563,0.46720,18.47204,1.63094,1,0.80600,0.41778,19.70399,1.63094,1,0,0.00000,20,4.72640,1,5.44713,1,0.00000,0,0,0,0,0,0,1,1,0,0.00000,0,,0.00000,0.00000,0,
0,Drive View,278,4.56787,790804209813,0.39188,0.70862,4.50189,0.06598,14,1,0.40940,0.69429,1,0.00000,0.00000,0,,0.44478,0.46825,18.31362,1.63094,1,0.80467,0.41759,19.81271,1.63094,1,0,0.00000,20,4.83116,1,5.37070,1,0.00000,0,0,0,0,0,0,1,1,0,0.00000,0,,0.00000,0.00000,0,
0,Drive View,279,4.58375,790804368579,0.39292,0.70925,4.50189,0.08186,14,1,0.39813,0.71239,1,0.00000,0.00000,0,,0.44393,0.46875,18.44004,1.63094,1,0.80392,0.41750,19.56760,1.63094,1,0,0.00000,20,4.86413,1,5.53135,1,0.00000,0,0,0,0,0,0,1,1,0,0.00000,0,,0.00000,0.00000,0,
0,Drive View,280,4.60015,790804532668,0.39370,0.71106,4.50189,0.09826,14,1,0.39834,0.72190,1,0.00000,0.00000,0,,0.44278,0.46931,18.25327,1.61745,1,0.80329,0.41778,20.34321,1.60376,1,0,0.00000,20,4.77733,1,5.47162,1,0.00000,0,0,0,0,0,0,1,1,0,0.00000,0,,0.00000,0.00000,0,
0,Drive View,281,4.61769,790804708038,0.39499,0.71182,4.50189,0.11580,14,1,0.40404,0.71718,1,0.00000,0.00000,0,,0.44220,0.46862,17.90741,1.59027,1,0.80241,0.41683,19.89133,1.57658,1,0,0.00000,20,4.80947,1,5.30856,1,0.00000,0,0,0,0,0,0,1,1,0,0.00000,0,,0.00000,0.00000,0,
0,Drive View,282,4.63282,790804859279,0.39657,0.71570,4.50189,0.13092,14,1,0.40925,0.74675,1,0.00000,0.00000,0,,0.44182,0.46955,18.40850,1.56309,1,0.80259,0.41788,20.66379,1.54940,1,0,0.00000,20,4.82764,1,5.51268,1,0.00000,0,0,0,0,0,0,1,1,0,0.00000,0,,0.00000,0.00000,0,
0,Drive View,283,4.64923,790805023447,0.39786,0.72002,4.50189,0.14734,14,1,0.40939,0.75891,1,0.00000,0.00000,0,,0.44131,0.47114,18.57865,1.53590,1,0.80230,0.41876,21.03231,1.52221,1,0,0.00000,20,4.74467,1,5.46068,1,0.00000,0,0,0,0,0,0,1,1,0,0.00000,0,,0.00000,0.00000,0,
0,Drive View,284,4.66564,790805187522,0.40001,0.72635,4.50189,0.16375,14,1,0.42152,0.78959,1,0.00000,0.00000,0,,0.44065,0.47331,18.38733,1.52221,1,0.80144,0.42099,21.26824,1.52221,1,0,0.00000,20,4.83565,1,5.38178,1,0.00000,0,0,0,0,0,0,1,1,0,0.00000,0,,0.00000,0.00000,0,
0,Drive View,285,4.68205,790805351611,0.40320,0.73240,4.50189,0.18016,14,1,0.43838,0.79896,1,0.00000,0.00000,0,,0.43978,0.47416,18.54528,1.52221,1,0.80073,0.42147,21.42759,1.52221,1,0,0.00000,20,5.01808,1,5.45792,1,0.00000,0,0,0,0,0,0,1,1,0,0.00000,0,,0.00000,0.00000,0,
0,Drive View,286,4.69866,790805517717,0.40591,0.73752,4.50189,0.19677,14,1,0.43838,0.79896,1,0.00000,0.00000,0,,0.43843,0.47462,17.97514,1.52221,1,0.79922,0.42200,21.14817,1.52221,1,0,0.00000,20,4.99527,1,5.56181,1,0.00000,0,0,0,0,0,0,1,1,0,0.00000,0,,0.00000,0.00000,0,
0,Drive View,287,4.71511,790805682280,0.40669,0.74419,4.50189,0.21322,14,1,0.41686,0.83093,1,0.00000,0.00000,0,,0.43682,0.47453,17.93945,1.52221,1,0.79796,0.42150,21.13711,1.52221,1,0,0.00000,20,4.96364,1,5.57040,1,0.00000,0,0,0,0,0,0,1,1,0,0.00000,0,,0.00000,0.00000,0,
0,Drive View,288,4.73136,790805844773,0.40870,0.74805,4.50189,0.22947,14,1,0.43685,0.80202,1,0.00000,0.00000,0,,0.43595,0.47519,18.52117,1.52221,1,0.79734,0.42180,21.20255,1.52221,1,0,0.00000,20,5.14375,1,5.63294,1,0.00000,0,0,0,0,0,0,1,1,0,0.00000,0,,0.00000,0.00000,0,
0,Drive View,289,4.74787,790806009839,0.41048,0.75085,4.50189,0.24598,14,1,0.43708,0.79294,1,0.00000,0.00000,0,,0.43465,0.47447,18.39451,1.53571,1,0.79629,0.42064,20.31352,1.54940,1,0,0.00000,20,5.01901,1,5.60700,1,0.00000,0,0,0,0,0,0,1,1,0,0.00000,0,,0.00000,0.00000,0,
0,Drive View,290,4.76417,790806172867,0.41204,0.75314,4.50189,0.26228,14,1,0.43704,0.78969,1,0.00000,0.00000,0,,0.43262,0.47560,19.32366,1.56289,1,0.79409,0.42168,21.40694,1.57658,1,0,0.00000,20,4.96834,1,5.58839,1,0.00000,0,0,0,0,0,0,1,1,0,0.00000,0,,0.00000,0.00000,0,
0,Drive View,291,4.78057,790806336819,0.41336,0.75207,4.50189,0.27868,14,1,0.43575,0.73393,1,0.00000,0.00000,0,,0.43175,0.47620,19.22578,1.59007,1,0.79352,0.42204,21.45178,1.60376,1,0,0.00000,20,5.18104,1,5.64399,1,0.00000,0,0,0,0,0,0,1,1,0,0.00000,0,,676.40668,230.71057,0,
0,Drive View,292,4.79729,790806503980,0.42671,0.77348,4.50189,0.27868,14,0,0.43599,0.72193,1,0.00000,0.00000,0,,0.43052,0.47724,18.85910,1.61725,1,0.79227,0.42247,21.06242,1.63094,1,0,0.00000,20,4.99061,1,5.67969,1,0.00000,0,0,0,0,0,0,1,1,0,0.00000,0,,0.00000,0.00000,0,
0,Drive View,293,4.81382,790806669305,0.43398,0.74249,4.50189,0.27868,14,0,0.44126,0.71149,1,0.00000,0.00000,0,,0.42828,0.47882,19.23030,1.63094,1,0.78979,0.42467,21.77179,1.63094,1,0,0.00000,20,5.15268,1,5.48999,1,0.00000,0,0,0,0,0,0,1,1,0,0.00000,0,,0.00000,0.00000,0,
0,Drive View,294,4.83110,790806842174,0.43851,0.74213,4.50189,0.27868,14,0,0.44756,0.74142,1,0.00000,0.00000,0,,0.42749,0.47917,19.05931,1.63094,1,0.78907,0.42472,21.58424,1.63094,1,0,0.00000,20,5.41593,1,5.68514,1,0.00000,0,0,0,0,0,0,1,1,0,0.00000,0,,0.00000,0.00000,0,
0,Drive View,295,4.84631,790806994188,0.44077,0.74196,4.79729,0.04902,15,1,0.44756,0.74142,1,0.00000,0.00000,0,,0.42576,0.48022,18.67216,1.63094,1,0.78736,0.42541,21.44043,1.63094,1,0,0.00000,20,5.11105,1,5.50827,1,0.00000,0,0,0,0,0,0,1,1,0,0.00000,0,AOI 3,0.00000,0.00000,0,
0,Drive View,296,4.86275,790807158572,0.44399,0.74865,4.79729,0.06546,15,1,0.45685,0.77541,1,0.00000,0.00000,0,,0.42455,0.48329,20.60316,1.63094,1,0.78582,0.42707,21.90644,1.63094,1,0,0.00000,20,5.05199,1,5.53108,1,0.00000,0,0,0,0,0,0,1,1,0,0.00000,0,AOI 3,0.00000,0.00000,0,
0,Drive View,297,4.87918,790807322958,0.44653,0.74759,4.79729,0.08190,15,1,0.45921,0.74229,1,0.00000,0.00000,0,,0.42404,0.48396,20.61377,1.63094,1,0.78522,0.42763,21.86784,1.63094,1,0,0.00000,20,5.19635,1,5.63847,1,0.00000,0,0,0,0,0,0,1,1,0,0.00000,0,AOI 3,0.00000,0.00000,0,
0,Drive View,298,4.89595,790807490609,0.44834,0.74683,4.79729,0.09866,15,1,0.45921,0.74229,1,0.00000,0.00000,0,,0.42270,0.48636,19.78412,1.63094,1,0.78356,0.42931,21.84136,1.63094,1,0,0.00000,20,5.12756,1,5.57089,1,0.00000,0,0,0,0,0,0,1,1,0,0.00000,0,AOI 3,0.00000,0.00000,0,
0,Drive View,299,4.91244,790807655550,0.45181,0.74850,4.79729,0.11516,15,1,0.47615,0.76017,1,0.00000,0.00000,0,,0.42116,0.48783,20.40048,1.63094,1,0.78205,0.42993,21.70019,1.63094,1,0,0.00000,20,5.10089,1,5.53559,1,0.00000,0,0,0,0,0,0,1,1,0,0.00000,0,AOI 3,0.00000,0.00000,0,
0,Drive View,300,4.92882,790807819286,0.45323,0.75033,4.79729,0.13153,15,1,0.46454,0.76496,1,0.00000,0.00000,0,,0.42068,0.48852,20.81523,1.63094,1,0.78122,0.43012,21.91941,1.63094,1,0,0.00000,20,5.36834,1,5.74266,1,0.00000,0,0,0,0,0,0,1,1,0,0.00000,0,AOI 3,0.00000,0.00000,0,
0,Drive View,301,4.94688,790807999943,0.45439,0.75141,4.79729,0.14960,15,1,0.46489,0.76113,1,0.00000,0.00000,0,,0.41892,0.48869,19.63128,1.63094,1,0.77949,0.43095,21.94135,1.64674,1,0,0.00000,20,5.12796,1,5.67348,1,0.00000,0,0,0,0,0,0,1,1,0,0.00000,0,AOI 3,0.00000,0.00000,0,
0,Drive View,302,4.96152,790808146372,0.45540,0.75146,4.79729,0.16424,15,1,0.46546,0.75196,1,0.00000,0.00000,0,,0.41698,0.49001,20.73112,1.64674,1,0.77794,0.43064,22.22029,1.66254,1,0,0.00000,20,5.11317,1,5.54478,1,0.00000,0,0,0,0,0,0,1,1,0,0.00000,0,AOI 3,0.00000,0.00000,0,
0,Drive View,303,4.97801,790808311186,0.45775,0.74637,4.79729,0.18072,15,1,0.48355,0.69045,1,0.00000,0.00000,0,,0.41600,0.48994,20.45193,1.66254,1,0.77756,0.43077,21.87453,1.67833,1,0,0.00000,20,5.24766,1,5.75589,1,0.00000,0,0,0,0,0,0,1,1,0,0.00000,0,AOI 3,0.00000,0.00000,0,
0,Drive View,304,4.99433,790808474435,0.45969,0.74236,4.79729,0.19704,15,1,0.48298,0.69418,1,0.00000,0.00000,0,,0.41503,0.49032,19.96744,1.67833,1,0.77587,0.43098,21.56610,1.65266,1,0,0.00000,20,5.15305,1,5.63371,1,0.00000,0,0,0,0,0,0,1,1,0,0.00000,0,AOI 3,0.00000,0.00000,0,
0,Drive View,305,5.01070,790808638093,0.46039,0.74584,4.79729,0.21341,15,1,0.46957,0.79116,1,0.00000,0.00000,0,,0.41363,0.49205,20.63506,1.65266,1,0.77454,0.43199,21.88604,1.61120,1,0,0.00000,20,5.11678,1,5.59390,1,0.00000,0,0,0,0,0,0,1,1,0,0.00000,0,AOI 3,0.00000,0.00000,0,
0,Drive View,306,5.02721,790808803196,0.45896,0.74932,4.79729,0.22992,15,1,0.43886,0.79797,1,0.00000,0.00000,0,,0.41300,0.49261,20.79139,1.61120,1,0.77383,0.43256,21.79840,1.56973,1,0,0.00000,20,5.20820,1,5.71477,1,0.00000,0,0,0,0,0,0,1,1,0,0.00000,0,AOI 3,0.00000,0.00000,0,
0,Drive View,307,5.04492,790808980295,0.45769,0.75322,4.79729,0.24763,15,1,0.43863,0.81178,1,0.00000,0.00000,0,,0.41180,0.49334,19.99097,1.56973,1,0.77260,0.43375,21.56147,1.54024,1,0,0.00000,20,5.23825,1,5.67479,1,0.00000,0,0,0,0,0,0,1,1,0,0.00000,0,AOI 3,0.00000,0.00000,0,
0,Drive View,308,5.05999,790809131051,0.45682,0.75775,4.79729,0.26271,15,1,0.44298,0.83017,1,0.00000,0.00000,0,,0.41065,0.49496,20.49569,1.54024,1,0.77142,0.43448,21.70694,1.55222,1,0,0.00000,20,5.16709,1,5.57681,1,0.00000,0,0,0,0,0,0,1,1,0,0.00000,0,AOI 3,0.00000,0.00000,0,
0,Drive View,309,5.07638,790809294959,0.45556,0.76263,4.79729,0.27910,15,1,0.43414,0.84563,1,0.00000,0.00000,0,,0.40984,0.49474,19.86747,1.55222,1,0.77078,0.43446,21.63212,1.56420,1,0,0.00000,20,5.29809,1,5.64351,1,0.00000,0,0,0,0,0,0,1,1,0,0.00000,0,AOI 3,0.00000,0.00000,0,
0,Drive View,310,5.09293,790809460369,0.45444,0.76676,4.79729,0.29564,15,1,0.43421,0.84105,1,0.00000,0.00000,0,,0.40932,0.49543,19.27231,1.56420,1,0.76978,0.43497,21.76162,1.57618,1,0,0.00000,20,5.37723,1,5.59821,1,0.00000,0,0,0,0,0,0,1,1,0,0.00000,0,AOI 3,0.00000,0.00000,0,
0,Drive View,311,5.10916,790809622788,0.45414,0.76911,4.79729,0.31188,15,1,0.44855,0.81382,1,0.00000,0.00000,0,,0.40821,0.49692,20.49357,1.57618,1,0.76887,0.43532,21.64365,1.57618,1,0,0.00000,20,5.14863,1,5.61945,1,0.00000,0,0,0,0,0,0,1,1,0,0.00000,0,AOI 3,0.00000,0.00000,0,
0,Drive View,312,5.12619,790809792998,0.45415,0.77110,4.79729,0.32890,15,1,0.45420,0.81086,1,0.00000,0.00000,0,,0.40785,0.49723,20.70001,1.57618,1,0.76864,0.43566,21.86121,1.57618,1,0,0.00000,20,5.24137,1,5.59848,1,0.00000,0,0,0,0,0,0,1,1,0,0.00000,0,AOI 3,0.00000,0.00000,0,
0,Drive View,313,5.14243,790809955404,0.45416,0.77263,4.79729,0.34514,15,1,0.45447,0.80469,1,0.00000,0.00000,0,,0.40733,0.49780,20.01063,1.59175,1,0.76776,0.43632,21.99653,1.59175,1,0,0.00000,20,5.11319,1,5.65985,1,0.00000,0,0,0,0,0,0,1,1,0,0.00000,0,AOI 3,0.00000,0.00000,0,
0,Drive View,314,5.15866,790810117727,0.45353,0.77288,4.79729,0.36137,15,1,0.43975,0.77838,1,0.00000,0.00000,0,,0.40619,0.49918,20.81655,1.60732,1,0.76703,0.43700,21.94380,1.60732,1,0,0.00000,20,5.15575,1,5.60692,1,0.00000,0,0,0,0,0,0,1,1,0,0.00000,0,AOI 3,55.65844,337.48898,0,
0,Drive View,315,5.17672,790810298371,0.44976,0.80094,4.79729,0.36137,15,0,0.45877,0.79157,1,0.00000,0.00000,0,,0.40587,0.49965,20.70061,1.62289,1,0.76667,0.43707,21.84608,1.62289,1,0,0.00000,20,5.25030,1,5.73016,1,0.00000,0,0,0,0,0,0,1,1,0,0.00000,0,,0.00000,0.00000,0,
0,Drive View,316,5.19139,790810445033,0.45413,0.79896,4.79729,0.36137,15,0,0.45851,0.79699,1,0.00000,0.00000,0,,0.40489,0.50023,20.69889,1.60939,1,0.76587,0.43749,21.93210,1.60939,1,0,0.00000,20,5.19082,1,5.62542,1,0.00000,0,0,0,0,0,0,1,1,0,0.00000,0,,0.00000,0.00000,0,
0,Drive View,317,5.20780,790810609180,0.45121,0.80636,4.79729,0.36137,15,0,0.44536,0.82114,1,0.00000,0.00000,0,,0.40406,0.50085,20.78326,1.58033,1,0.76499,0.43771,21.94853,1.58033,1,0,0.00000,20,5.18005,1,5.54141,1,0.00000,0,0,0,0,0,0,1,1,0,0.00000,0,,0.00000,0.00000,0,
0,Drive View,318,5.22793,790810810489,0.44896,0.80409,5.17672,0.05121,16,1,0.44223,0.79729,1,0.00000,0.00000,0,,0.40367,0.50134,20.92951,1.55127,1,0.76438,0.43799,21.97996,1.55127,1,0,0.00000,20,5.22483,1,5.63765,1,0.00000,0,0,0,0,0,0,1,1,0,0.00000,0,AOI 3,0.00000,0.00000,0,
0,Drive View,319,5.24082,790810939325,0.44749,0.80669,5.17672,0.06410,16,1,0.44158,0.81708,1,0.00000,0.00000,0,,0.40346,0.50178,20.14594,1.51041,1,0.76350,0.43898,22.13994,1.49843,1,0,0.00000,20,5.10476,1,5.65520,1,0.00000,0,0,0,0,0,0,1,1,0,0.00000,0,AOI 3,0.00000,0.00000,0,
0,Drive View,320,5.25753,790811106395,0.44922,0.81070,5.17672,0.08080,16,1,0.45790,0.83074,1,0.00000,0.00000,0,,0.40213,0.50383,20.91920,1.48662,1,0.76280,0.43992,22.26920,1.47464,1,0,0.00000,20,5.23025,1,5.65724,1,0.00000,0,0,0,0,0,0,1,1,0,0.00000,0,AOI 3,0.00000,0.00000,0,
0,Drive View,321,5.27357,790811266882,0.44667,0.82017,5.17672,0.09685,16,1,0.43136,0.87701,1,0.00000,0.00000,0,,0.40183,0.50492,21.11840,1.46284,1,0.76262,0.44026,22.34202,1.45086,1,0,0.00000,20,5.24168,1,5.64893,1,0.00000,0,0,0,0,0,0,1,1,0,0.00000,0,AOI 3,0.00000,0.00000,0,
0,Drive View,322,5.28990,790811430096,0.44474,0.82843,5.17672,0.11317,16,1,0.43125,0.88625,1,0.00000,0.00000,0,,0.40124,0.50621,20.87788,1.43905,1,0.76187,0.44109,22.14738,1.42707,1,0,0.00000,20,5.17212,1,5.57423,1,0.00000,0,0,0,0,0,0,1,1,0,0.00000,0,AOI 3,0.00000,0.00000,0,
0,Drive View,323,5.30651,790811596199,0.44363,0.83197,5.17672,0.12978,16,1,0.43473,0.86031,1,0.00000,0.00000,0,,0.40069,0.50722,21.02605,1.42707,1,0.76117,0.44143,21.98423,1.42707,1,0,0.00000,20,5.20937,1,5.69951,1,0.00000,0,0,0,0,0,0,1,1,0,0.00000,0,AOI 3,0.00000,0.00000,0,
0,Drive View,324,5.32268,790811757972,0.44516,0.83301,5.17672,0.14596,16,1,0.45890,0.84238,1,0.48828,0.57812,0,,0.40023,0.50745,21.26588,1.42707,1,0.76080,0.44114,22.28923,1.42707,1,0,0.00000,20,5.18090,1,5.70037,1,0.00000,0,0,0,0,0,0,1,1,0,0.00000,0,AOI 3,0.00000,0.00000,0,
0,Drive View,325,5.33917,790811922823,0.44644,0.83314,5.17672,0.16245,16,1,0.45929,0.83443,1,0.48828,0.57812,0,,0.39916,0.50716,20.86928,1.43888,1,0.75948,0.44037,22.29755,1.45086,1,0,0.00000,20,5.25897,1,5.79083,1,0.00000,0,0,0,0,0,0,1,1,0,0.00000,0,AOI 3,0.00000,0.00000,0,
0,Drive View,326,5.35560,790812087135,0.44113,0.82962,5.17672,0.17888,16,1,0.38273,0.79092,1,0.48828,0.57812,0,,0.39716,0.50507,20.02886,1.46267,1,0.75676,0.43830,22.30292,1.47464,1,0,0.00000,20,5.27717,1,5.79445,1,0.00000,0,0,0,0,0,0,1,1,0,0.00000,0,AOI 3,0.00000,0.00000,0,
0,Drive View,327,5.37562,790812287318,0.43750,0.82534,5.17672,0.19890,16,1,0.39396,0.77395,1,0.48828,0.57812,0,,0.39654,0.50661,20.24770,1.48645,1,0.75628,0.43880,22.11284,1.49843,1,0,0.00000,20,5.31411,1,5.92784,1,0.00000,0,0,0,0,0,0,1,1,0,0.00000,0,AOI 3,0.00000,0.00000,0,
0,Drive View,328,5.38841,790812415202,0.43435,0.82022,5.17672,0.21169,16,1,0.39333,0.75373,1,0.48828,0.57812,0,,0.39574,0.50717,19.84606,1.52373,1,0.75492,0.43892,22.24994,1.54940,1,0,0.00000,20,5.28139,1,5.71176,1,0.00000,0,0,0,0,0,0,1,1,0,0.00000,0,AOI 3,0.00000,0.00000,0,
0,Drive View,329,5.40494,790812580546,0.43337,0.81400,5.17672,0.22822,16,1,0.41963,0.72689,1,0.48828,0.57812,0,,0.39415,0.51075,20.29881,1.56289,1,0.75352,0.44056,22.27336,1.57658,1,0,0.00000,20,5.32120,1,5.76507,1,0.00000,0,0,0,0,0,0,1,1,0,0.00000,0,AOI 3,0.00000,0.00000,0,
0,Drive View,330,5.42138,790812744940,0.43115,0.80748,5.17672,0.24466,16,1,0.39786,0.70961,1,0.48828,0.57812,0,,0.39367,0.51310,21.74305,1.59007,1,0.75275,0.44170,22.37646,1.60376,1,0,0.00000,20,5.47635,1,5.88190,1,0.00000,0,0,0,0,0,0,1,1,0,0.00000,0,AOI 3,0.00000,0.00000,0,
0,Drive View,331,5.43781,790812909205,0.42918,0.80100,5.17672,0.26109,16,1,0.39762,0.69735,1,0.48828,0.57812,0,,0.39207,0.51502,19.51354,1.61725,1,0.75132,0.44338,22.04459,1.63094,1,0,0.00000,20,5.46413,1,5.81477,1,0.00000,0,0,0,0,0,0,1,1,0,0.00000,0,AOI 3,0.00000,0.00000,0,
0,Drive View,332,5.45418,790813072975,0.42717,0.79666,5.17672,0.27746,16,1,0.39315,0.72293,1,0.48828,0.57129,0,,0.38996,0.51926,20.35830,1.63094,1,0.74894,0.44555,22.05297,1.63094,1,0,0.00000,20,5.30203,1,5.74813,1,0.00000,0,0,0,0,0,0,1,1,0,0.00000,0,AOI 3,0.00000,0.00000,0,
0,Drive View,333,5.47065,790813237669,0.42643,0.79137,5.17672,0.29393,16,1,0.41313,0.69604,1,0.48828,0.57129,0,,0.38921,0.52167,21.35650,1.63094,1,0.74787,0.44724,22.51998,1.63094,1,0,0.00000,20,5.55266,1,6.01155,1,0.00000,0,0,0,0,0,0,1,1,0,0.00000,0,AOI 3,39.51894,208.62695,0,
0,Drive View,334,5.48706,790813401721,0.41312,0.75953,5.17672,0.29393,16,0,0.41312,0.70582,1,0.48672,0.56250,0,,0.38727,0.52458,20.37685,1.61745,1,0.74626,0.44879,20.94845,1.60376,1,0,0.00000,20,5.38089,1,5.85481,1,0.00000,0,0,0,0,0,0,1,1,0,0.00000,0,,0.00000,0.00000,0,
0,Drive View,335,5.50359,790813567037,0.41490,0.73203,5.17672,0.29393,16,0,0.41668,0.70453,1,0.48672,0.56250,0,,0.38459,0.52948,20.65147,1.59027,1,0.74295,0.45228,21.59604,1.57658,1,0,0.00000,20,5.39281,1,5.89048,1,0.00000,0,0,0,0,0,0,1,1,0,0.00000,0,,0.00000,0.00000,0,
0,Drive View,336,5.52003,790813731446,0.41515,0.73366,5.17672,0.29393,16,0,0.41564,0.73693,1,0.48516,0.55957,0,,0.38320,0.53103,20.65620,1.56309,1,0.74154,0.45313,21.96701,1.54940,1,0,0.00000,20,5.75826,1,6.17842,1,0.00000,0,0,0,0,0,0,1,1,0,0.00000,0,,0.00000,0.00000,0,
0,Drive View,337,5.53625,790813893681,0.41527,0.73514,5.48706,0.04919,17,1,0.41564,0.73956,1,0.48516,0.55957,0,,0.38098,0.53391,19.94583,1.54940,1,0.73886,0.45513,21.33986,1.54940,1,0,0.00000,20,5.31039,1,5.87795,1,0.00000,0,0,0,0,0,0,1,1,0,0.00000,0,,0.00000,0.00000,0,
0,Drive View,338,5.55279,790814059054,0.41669,0.73629,5.48706,0.06573,17,1,0.42239,0.74092,1,0.48516,0.55469,0,,0.37824,0.53752,20.83358,1.56289,1,0.73559,0.45647,21.72364,1.57658,1,0,0.00000,20,5.25386,1,5.74631,1,0.00000,0,0,0,0,0,0,1,1,0,0.00000,0,,0.00000,0.00000,0,
0,Drive View,339,5.56914,790814222511,0.41514,0.73919,5.48706,0.08208,17,1,0.40737,0.75365,1,0.48516,0.55469,0,,0.37729,0.53783,20.78329,1.59007,1,0.73470,0.45634,21.79008,1.60376,1,0,0.00000,20,5.30446,1,5.91142,1,0.00000,0,0,0,0,0,0,1,1,0,0.00000,0,,55.35204,105.13401,0,